create table brands(
    brand_name varchar(10) primary key
);

insert into brands values ('hyundai');
insert into brands values ('Subaru');
insert into brands values ('BMW');
insert into brands values ('Haval');
insert into brands values ('Kia Rio');

create table models (
    model_name varchar(10) primary key,
    brand_name varchar(10) not null references brands(brand_name),
    body_style varchar(15) not null
);

insert into models values ('ACCENT','hyundai','4-door sedan');
insert into models values ('ELANTRA','hyundai','4-door sedan');
insert into models values ('SANTA FE','hyundai','crossover');
insert into models values ('H1','hyundai','van');
insert into models values ('Subaru XV','Subaru','crossover');
insert into models values ('Forester','Subaru','crossover');
insert into models values ('Outback','Subaru','universal');
insert into models values ('Jolion','Haval','universal');
insert into models values ('X1','BMW','crossover');
insert into models values ('2','BMW','coupe');
insert into models values ('X3','BMW','crossover');
insert into models values ('X','Kia Rio','hatchback');
insert into models values ('Sportage','Kia Rio','crossover');
insert into models values ('K5','Kia Rio','4-door sedan');

create table options(
    option_name varchar(15),
    model_name varchar(10) references models(model_name),
    color varchar(10),
    transmission varchar(2) not null,
    engine varchar(20) not null,
    price integer check (price>0),
    primary key (option_name, model_name, color)
);

insert into options values ('Active Plus','ACCENT','Silver','МТ','Kappa 1.4 MPI',6390000);
insert into options values ('Active Plus','ACCENT','White','МТ','Kappa 1.4 MPI',6390000);
insert into options values ('Active Plus','ACCENT','Blue','МТ','Kappa 1.4 MPI',6390000);
insert into options values ('Active Plus','ACCENT','Black','МТ','Kappa 1.4 MPI',6390000);
insert into options values ('Active Plus','ACCENT','Brown','МТ','Kappa 1.4 MPI',6390000);
insert into options values ('Comfort','ACCENT','Silver','AТ','Kappa 1.4 MPI',6790000);
insert into options values ('Comfort','ACCENT','White','AТ','Kappa 1.4 MPI',6790000);
insert into options values ('Comfort','ACCENT','Blue','AТ','Kappa 1.4 MPI',6790000);
insert into options values ('Comfort','ACCENT','Black','AТ','Kappa 1.4 MPI',6790000);
insert into options values ('Comfort','ACCENT','Brown','AТ','Kappa 1.4 MPI',6790000);
insert into options values ('Elegance','ACCENT','Silver','AТ','Kappa 1.6 MPI',7490000);
insert into options values ('Elegance','ACCENT','White','AТ','Kappa 1.6 MPI',7490000);
insert into options values ('Elegance','ACCENT','Blue','AТ','Kappa 1.6 MPI',7490000);
insert into options values ('Elegance','ACCENT','Black','AТ','Kappa 1.6 MPI',7490000);
insert into options values ('Elegance','ACCENT','Brown','AТ','Kappa 1.6 MPI',7490000);
insert into options values ('Start','ELANTRA','Silver','MT','Gamma 1.6 MPI',8390000);
insert into options values ('Start','ELANTRA','White','MT','Gamma 1.6 MPI',8390000);
insert into options values ('Start','ELANTRA','Blue','MT','Gamma 1.6 MPI',8390000);
insert into options values ('Start','ELANTRA','Black','MT','Gamma 1.6 MPI',8390000);
insert into options values ('Start','ELANTRA','Brown','MT','Gamma 1.6 MPI',8390000);
insert into options values ('Base','ELANTRA','Silver','AT','Gamma 1.6 MPI',9090000);
insert into options values ('Base','ELANTRA','White','AT','Gamma 1.6 MPI',9090000);
insert into options values ('Base','ELANTRA','Blue','AT','Gamma 1.6 MPI',9090000);
insert into options values ('Base','ELANTRA','Black','AT','Gamma 1.6 MPI',9090000);
insert into options values ('Base','ELANTRA','Brown','AT','Gamma 1.6 MPI',9090000);
insert into options values ('Comfort','ELANTRA','Silver','AT','Gamma 1.6 MPI',9590000);
insert into options values ('Comfort','ELANTRA','White','AT','Gamma 1.6 MPI',9590000);
insert into options values ('Comfort','ELANTRA','Blue','AT','Gamma 1.6 MPI',9590000);
insert into options values ('Comfort','ELANTRA','Black','AT','Gamma 1.6 MPI',9590000);
insert into options values ('Comfort','ELANTRA','Brown','AT','Gamma 1.6 MPI',9590000);
insert into options values ('Elegance','ELANTRA','Silver','AT','Gamma 1.6 MPI',10290000);
insert into options values ('Elegance','ELANTRA','White','AT','Gamma 1.6 MPI',10290000);
insert into options values ('Elegance','ELANTRA','Blue','AT','Gamma 1.6 MPI',10290000);
insert into options values ('Elegance','ELANTRA','Black','AT','Gamma 1.6 MPI',10290000);
insert into options values ('Elegance','ELANTRA','Brown','AT','Gamma 1.6 MPI',10290000);
insert into options values ('Style','ELANTRA','Silver','AT','Smartstream G2.0',11290000);
insert into options values ('Style','ELANTRA','White','AT','Smartstream G2.0',11290000);
insert into options values ('Style','ELANTRA','Blue','AT','Smartstream G2.0',11290000);
insert into options values ('Style','ELANTRA','Black','AT','Smartstream G2.0',11290000);
insert into options values ('Style','ELANTRA','Brown','AT','Smartstream G2.0',11290000);
insert into options values ('High-Tech','ELANTRA','Silver','AT','Smartstream G2.0',11790000);
insert into options values ('High-Tech','ELANTRA','White','AT','Smartstream G2.0',11790000);
insert into options values ('High-Tech','ELANTRA','Blue','AT','Smartstream G2.0',11790000);
insert into options values ('High-Tech','ELANTRA','Black','AT','Smartstream G2.0',11790000);
insert into options values ('High-Tech','ELANTRA','Brown','AT','Smartstream G2.0',11790000);
insert into options values ('Luxe','ELANTRA','Silver','AT','Smartstream G2.0',12190000);
insert into options values ('Luxe','ELANTRA','White','AT','Smartstream G2.0',12190000);
insert into options values ('Luxe','ELANTRA','Blue','AT','Smartstream G2.0',12190000);
insert into options values ('Luxe','ELANTRA','Black','AT','Smartstream G2.0',12190000);
insert into options values ('Luxe','ELANTRA','Brown','AT','Smartstream G2.0',12190000);
insert into options values ('Comfort','SANTA FE','Silver','AT','Smartstream G 2.5',14090000);
insert into options values ('Comfort','SANTA FE','White','AT','Smartstream G 2.5',14090000);
insert into options values ('Comfort','SANTA FE','Blue','AT','Smartstream G 2.5',14090000);
insert into options values ('Comfort','SANTA FE','Black','AT','Smartstream G 2.5',14090000);
insert into options values ('Comfort','SANTA FE','Brown','AT','Smartstream G 2.5',14090000);
insert into options values ('Travel','SANTA FE','Silver','AT','Smartstream G 2.5',15190000);
insert into options values ('Travel','SANTA FE','White','AT','Smartstream G 2.5',15190000);
insert into options values ('Travel','SANTA FE','Blue','AT','Smartstream G 2.5',15190000);
insert into options values ('Travel','SANTA FE','Black','AT','Smartstream G 2.5',15190000);
insert into options values ('Travel','SANTA FE','Brown','AT','Smartstream G 2.5',15190000);
insert into options values ('Prime','SANTA FE','Silver','AT','Smartstream G 2.5',16290000);
insert into options values ('Prime','SANTA FE','White','AT','Smartstream G 2.5',16290000);
insert into options values ('Prime','SANTA FE','Blue','AT','Smartstream G 2.5',16290000);
insert into options values ('Prime','SANTA FE','Black','AT','Smartstream G 2.5',16290000);
insert into options values ('Prime','SANTA FE','Brown','AT','Smartstream G 2.5',16290000);
insert into options values ('High-Tech','SANTA FE','Silver','AT','Smartstream G 2.5',17790000);
insert into options values ('High-Tech','SANTA FE','White','AT','Smartstream G 2.5',17790000);
insert into options values ('High-Tech','SANTA FE','Blue','AT','Smartstream G 2.5',17790000);
insert into options values ('High-Tech','SANTA FE','Black','AT','Smartstream G 2.5',17790000);
insert into options values ('High-Tech','SANTA FE','Brown','AT','Smartstream G 2.5',17790000);
insert into options values ('Base','H1','Silver','AT','CRDI',19100000);
insert into options values ('Base','H1','White','AT','CRDI',19100000);
insert into options values ('Base','H1','Blue','AT','CRDI',19100000);
insert into options values ('Base','H1','Black','AT','CRDI',19100000);
insert into options values ('Base','H1','Brown','AT','CRDI',19100000);
insert into options values ('Family','H1','Silver','AT','CRDI',20100000);
insert into options values ('Family','H1','White','AT','CRDI',20100000);
insert into options values ('Family','H1','Blue','AT','CRDI',20100000);
insert into options values ('Family','H1','Black','AT','CRDI',20100000);
insert into options values ('Family','H1','Brown','AT','CRDI',20100000);
insert into options values ('Business','H1','Silver','AT','CRDI',20900000);
insert into options values ('Business','H1','White','AT','CRDI',20900000);
insert into options values ('Business','H1','Blue','AT','CRDI',20900000);
insert into options values ('Business','H1','Black','AT','CRDI',20900000);
insert into options values ('Business','H1','Brown','AT','CRDI',20900000);
insert into options values ('Comfort','Subaru XV','Green','AT','DOHC 2.0',13990000);
insert into options values ('Comfort','Subaru XV','Grey','AT','DOHC 2.0',13990000);
insert into options values ('Comfort','Subaru XV','Black','AT','DOHC 2.0',13990000);
insert into options values ('Comfort','Subaru XV','Blue','AT','DOHC 2.0',13990000);
insert into options values ('Comfort','Subaru XV','Bronze','AT','DOHC 2.0',13990000);
insert into options values ('Elegance','Subaru XV','Green','AT','DOHC 2.0',16190000);
insert into options values ('Elegance','Subaru XV','Grey','AT','DOHC 2.0',16190000);
insert into options values ('Elegance','Subaru XV','Black','AT','DOHC 2.0',16190000);
insert into options values ('Elegance','Subaru XV','Blue','AT','DOHC 2.0',16190000);
insert into options values ('Elegance','Subaru XV','Bronze','AT','DOHC 2.0',16190000);
insert into options values ('Standart','Forester','Green','AT','DOHC 2.0',14190000);
insert into options values ('Standart','Forester','Grey','AT','DOHC 2.0',14190000);
insert into options values ('Standart','Forester','Black','AT','DOHC 2.0',14190000);
insert into options values ('Standart','Forester','Blue','AT','DOHC 2.0',14190000);
insert into options values ('Standart','Forester','Bronze','AT','DOHC 2.0',14190000);
insert into options values ('Elegance','Forester','Green','AT','DOHC 2.0',15490000);
insert into options values ('Elegance','Forester','Grey','AT','DOHC 2.0',15490000);
insert into options values ('Elegance','Forester','Black','AT','DOHC 2.0',15490000);
insert into options values ('Elegance','Forester','Blue','AT','DOHC 2.0',15490000);
insert into options values ('Elegance','Forester','Bronze','AT','DOHC 2.0',15490000);
insert into options values ('Prestige','Forester','Green','AT','DOHC 2.5',18190000);
insert into options values ('Prestige','Forester','Grey','AT','DOHC 2.5',18190000);
insert into options values ('Prestige','Forester','Black','AT','DOHC 2.5',18190000);
insert into options values ('Prestige','Forester','Blue','AT','DOHC 2.5',18190000);
insert into options values ('Prestige','Forester','Bronze','AT','DOHC 2.5',18190000);
insert into options values ('Sport','Forester','Green','AT','DOHC 2.5',18390000);
insert into options values ('Sport','Forester','Grey','AT','DOHC 2.5',18390000);
insert into options values ('Sport','Forester','Black','AT','DOHC 2.5',18390000);
insert into options values ('Sport','Forester','Blue','AT','DOHC 2.5',18390000);
insert into options values ('Sport','Forester','Bronze','AT','DOHC 2.5',18390000);
insert into options values ('Premium','Outback','Green','AT','DOHC 2.5',19990000);
insert into options values ('Premium','Outback','Grey','AT','DOHC 2.5',19990000);
insert into options values ('Premium','Outback','Black','AT','DOHC 2.5',19990000);
insert into options values ('Premium','Outback','Blue','AT','DOHC 2.5',19990000);
insert into options values ('Premium','Outback','Bronze','AT','DOHC 2.5',19990000);
insert into options values ('Touring','Outback','Green','AT','DOHC 2.5',22190000);
insert into options values ('Touring','Outback','Grey','AT','DOHC 2.5',22190000);
insert into options values ('Touring','Outback','Black','AT','DOHC 2.5',22190000);
insert into options values ('Touring','Outback','Blue','AT','DOHC 2.5',22190000);
insert into options values ('Touring','Outback','Bronze','AT','DOHC 2.5',22190000);
insert into options values ('Comfort','Jolion','White','AT','turbocharged 1.5',9090000);
insert into options values ('Comfort','Jolion','Grey','AT','turbocharged 1.5',9090000);
insert into options values ('Comfort','Jolion','Black','AT','turbocharged 1.5',9090000);
insert into options values ('Comfort','Jolion','Bronze','AT','turbocharged 1.5',9090000);
insert into options values ('Elite','Jolion','White','AT','turbocharged 1.5',10690000);
insert into options values ('Elite','Jolion','Grey','AT','turbocharged 1.5',10690000);
insert into options values ('Elite','Jolion','Black','AT','turbocharged 1.5',10690000);
insert into options values ('Elite','Jolion','Bronze','AT','turbocharged 1.5',10690000);
insert into options values ('Premium','Jolion','White','AT','turbocharged 1.5',11690000);
insert into options values ('Premium','Jolion','Grey','AT','turbocharged 1.5',11690000);
insert into options values ('Premium','Jolion','Black','AT','turbocharged 1.5',11690000);
insert into options values ('Premium','Jolion','Bronze','AT','turbocharged 1.5',11690000);
insert into options values ('sDrive 18','X1','White','AT','turbocharged 1.5',14437500);
insert into options values ('sDrive 18','X1','Silver','AT','turbocharged 1.5',14437500);
insert into options values ('sDrive 18','X1','Black','AT','turbocharged 1.5',14437500);
insert into options values ('sDrive 18','X1','Grey','AT','turbocharged 1.5',14437500);
insert into options values ('xDrive 20','X1','White','AT','turbocharged 2.0',17377500);
insert into options values ('xDrive 20','X1','Silver','AT','turbocharged 2.0',17377500);
insert into options values ('xDrive 20','X1','Black','AT','turbocharged 2.0',17377500);
insert into options values ('xDrive 20','X1','Grey','AT','turbocharged 2.0',17377500);
insert into options values ('220d','2','White','AT','Turbo 2.0',17797500);
insert into options values ('220d','2','Silver','AT','Turbo 2.0',17797500);
insert into options values ('220d','2','Black','AT','Turbo 2.0',17797500);
insert into options values ('220d','2','Grey','AT','Turbo 2.0',17797500);
insert into options values ('xDrive 20','X3','White','AT','turbocharged 2.0',20842500);
insert into options values ('xDrive 20','X3','Silver','AT','turbocharged 2.0',20842500);
insert into options values ('xDrive 20','X3','Black','AT','turbocharged 2.0',20842500);
insert into options values ('xDrive 20','X3','Grey','AT','turbocharged 2.0',20842500);
insert into options values ('xDrive 30','X3','White','AT','turbocharged 2.0',22732500);
insert into options values ('xDrive 30','X3','Silver','AT','turbocharged 2.0',22732500);
insert into options values ('xDrive 30','X3','Black','AT','turbocharged 2.0',22732500);
insert into options values ('xDrive 30','X3','Grey','AT','turbocharged 2.0',22732500);
insert into options values ('Comfort','X','Blue','AT','1.6 MPI',7690000);
insert into options values ('Comfort','X','Black','AT','1.6 MPI',7690000);
insert into options values ('Comfort','X','Red','AT','1.6 MPI',7690000);
insert into options values ('Comfort','X','Grey','AT','1.6 MPI',7690000);
insert into options values ('Comfort','X','White','AT','1.6 MPI',7690000);
insert into options values ('Luxe','X','Blue','AT','1.6 MPI',7990000);
insert into options values ('Luxe','X','Black','AT','1.6 MPI',7990000);
insert into options values ('Luxe','X','Red','AT','1.6 MPI',7990000);
insert into options values ('Luxe','X','Grey','AT','1.6 MPI',7990000);
insert into options values ('Luxe','X','White','AT','1.6 MPI',7990000);
insert into options values ('Premium','X','Blue','AT','1.6 MPI',8990000);
insert into options values ('Premium','X','Black','AT','1.6 MPI',8990000);
insert into options values ('Premium','X','Red','AT','1.6 MPI',8990000);
insert into options values ('Premium','X','Grey','AT','1.6 MPI',8990000);
insert into options values ('Premium','X','White','AT','1.6 MPI',8990000);
insert into options values ('Style','X','Blue','AT','1.6 MPI',8290000);
insert into options values ('Style','X','Black','AT','1.6 MPI',8290000);
insert into options values ('Style','X','Red','AT','1.6 MPI',8290000);
insert into options values ('Style','X','Grey','AT','1.6 MPI',8290000);
insert into options values ('Style','X','White','AT','1.6 MPI',8290000);
insert into options values ('Prestige','X','Blue','AT','1.6 MPI',8490000);
insert into options values ('Prestige','X','Black','AT','1.6 MPI',8490000);
insert into options values ('Prestige','X','Red','AT','1.6 MPI',8490000);
insert into options values ('Prestige','X','Grey','AT','1.6 MPI',8490000);
insert into options values ('Prestige','X','White','AT','1.6 MPI',8490000);
insert into options values ('Comfort','Sportage','Blue','AT','2.0 MPI',10590000);
insert into options values ('Comfort','Sportage','Black','AT','2.0 MPI',10590000);
insert into options values ('Comfort','Sportage','Red','AT','2.0 MPI',10590000);
insert into options values ('Comfort','Sportage','Grey','AT','2.0 MPI',10590000);
insert into options values ('Comfort','Sportage','White','AT','2.0 MPI',10590000);
insert into options values ('Luxe','Sportage','Blue','AT','2.0 MPI',11590000);
insert into options values ('Luxe','Sportage','Black','AT','2.0 MPI',11590000);
insert into options values ('Luxe','Sportage','Red','AT','2.0 MPI',11590000);
insert into options values ('Luxe','Sportage','Grey','AT','2.0 MPI',11590000);
insert into options values ('Luxe','Sportage','White','AT','2.0 MPI',11590000);
insert into options values ('Luxe +','Sportage','Blue','AT','2.4 GDI',12590000);
insert into options values ('Luxe +','Sportage','Black','AT','2.4 GDI',12590000);
insert into options values ('Luxe +','Sportage','Red','AT','2.4 GDI',12590000);
insert into options values ('Luxe +','Sportage','Grey','AT','2.4 GDI',12590000);
insert into options values ('Luxe +','Sportage','White','AT','2.4 GDI',12590000);
insert into options values ('Prestige','Sportage','Blue','AT','2.4 GDI',13090000);
insert into options values ('Prestige','Sportage','Black','AT','2.4 GDI',13090000);
insert into options values ('Prestige','Sportage','Red','AT','2.4 GDI',13090000);
insert into options values ('Prestige','Sportage','Grey','AT','2.4 GDI',13090000);
insert into options values ('Prestige','Sportage','White','AT','2.4 GDI',13090000);
insert into options values ('GT Line','Sportage','Blue','AT','2.4 GDI',13790000);
insert into options values ('GT Line','Sportage','Black','AT','2.4 GDI',13790000);
insert into options values ('GT Line','Sportage','Red','AT','2.4 GDI',13790000);
insert into options values ('GT Line','Sportage','Grey','AT','2.4 GDI',13790000);
insert into options values ('GT Line','Sportage','White','AT','2.4 GDI',13790000);
insert into options values ('Comfort','K5','Blue','AT','2.0 MPI',11490000);
insert into options values ('Comfort','K5','Black','AT','2.0 MPI',11490000);
insert into options values ('Comfort','K5','Red','AT','2.0 MPI',11490000);
insert into options values ('Comfort','K5','Grey','AT','2.0 MPI',11490000);
insert into options values ('Comfort','K5','White','AT','2.0 MPI',11490000);
insert into options values ('Luxe','K5','Blue','AT','2.0 MPI',12690000);
insert into options values ('Luxe','K5','Black','AT','2.0 MPI',12690000);
insert into options values ('Luxe','K5','Red','AT','2.0 MPI',12690000);
insert into options values ('Luxe','K5','Grey','AT','2.0 MPI',12690000);
insert into options values ('Luxe','K5','White','AT','2.0 MPI',12690000);
insert into options values ('Style','K5','Blue','AT','2.0 MPI',13290000);
insert into options values ('Style','K5','Black','AT','2.0 MPI',13290000);
insert into options values ('Style','K5','Red','AT','2.0 MPI',13290000);
insert into options values ('Style','K5','Grey','AT','2.0 MPI',13290000);
insert into options values ('Style','K5','White','AT','2.0 MPI',13290000);
insert into options values ('Prestige','K5','Blue','AT','2.0 MPI',13390000);
insert into options values ('Prestige','K5','Black','AT','2.0 MPI',13390000);
insert into options values ('Prestige','K5','Red','AT','2.0 MPI',13390000);
insert into options values ('Prestige','K5','Grey','AT','2.0 MPI',13390000);
insert into options values ('Prestige','K5','White','AT','2.0 MPI',13390000);

create table vehicles(
    vin varchar(6) primary key,
    brand_name varchar(10) references brands(brand_name),
    model_name varchar(10) references models(model_name),
    option_name varchar(15) not null,
    color varchar(10) not null,
    date_of_made timestamp not null,
    foreign key (option_name,model_name,color) references options(option_name, model_name, color)
);

insert into vehicles values ('D25519','hyundai','ACCENT','Active Plus','Silver','2019-03-18 00:00:00.000000');
insert into vehicles values ('D25510','hyundai','ACCENT','Active Plus','Silver','2020-08-22 00:00:00.000000');
insert into vehicles values ('D25511','hyundai','ACCENT','Active Plus','Silver','2021-04-21 00:00:00.000000');
insert into vehicles values ('D25529','hyundai','ACCENT','Active Plus','White','2019-03-30 00:00:00.000000');
insert into vehicles values ('D25520','hyundai','ACCENT','Active Plus','White','2020-01-28 00:00:00.000000');
insert into vehicles values ('D25521','hyundai','ACCENT','Active Plus','White','2021-06-04 00:00:00.000000');
insert into vehicles values ('D25539','hyundai','ACCENT','Active Plus','Blue','2019-10-13 00:00:00.000000');
insert into vehicles values ('D25530','hyundai','ACCENT','Active Plus','Blue','2020-09-27 00:00:00.000000');
insert into vehicles values ('D25531','hyundai','ACCENT','Active Plus','Blue','2021-07-21 00:00:00.000000');
insert into vehicles values ('D25549','hyundai','ACCENT','Active Plus','Black','2019-04-27 00:00:00.000000');
insert into vehicles values ('D25540','hyundai','ACCENT','Active Plus','Black','2020-09-13 00:00:00.000000');
insert into vehicles values ('D25541','hyundai','ACCENT','Active Plus','Black','2021-05-30 00:00:00.000000');
insert into vehicles values ('D25559','hyundai','ACCENT','Active Plus','Brown','2019-05-04 00:00:00.000000');
insert into vehicles values ('D25550','hyundai','ACCENT','Active Plus','Brown','2020-09-19 00:00:00.000000');
insert into vehicles values ('D25551','hyundai','ACCENT','Active Plus','Brown','2021-03-01 00:00:00.000000');
insert into vehicles values ('D26519','hyundai','ACCENT','Comfort','Silver','2019-07-16 00:00:00.000000');
insert into vehicles values ('D26510','hyundai','ACCENT','Comfort','Silver','2020-04-18 00:00:00.000000');
insert into vehicles values ('D26511','hyundai','ACCENT','Comfort','Silver','2021-02-18 00:00:00.000000');
insert into vehicles values ('D26529','hyundai','ACCENT','Comfort','White','2019-11-03 00:00:00.000000');
insert into vehicles values ('D26520','hyundai','ACCENT','Comfort','White','2020-07-10 00:00:00.000000');
insert into vehicles values ('D26521','hyundai','ACCENT','Comfort','White','2021-08-27 00:00:00.000000');
insert into vehicles values ('D26539','hyundai','ACCENT','Comfort','Blue','2019-11-09 00:00:00.000000');
insert into vehicles values ('D26530','hyundai','ACCENT','Comfort','Blue','2020-10-23 00:00:00.000000');
insert into vehicles values ('D26531','hyundai','ACCENT','Comfort','Blue','2021-03-22 00:00:00.000000');
insert into vehicles values ('D26549','hyundai','ACCENT','Comfort','Black','2019-10-18 00:00:00.000000');
insert into vehicles values ('D26540','hyundai','ACCENT','Comfort','Black','2020-11-29 00:00:00.000000');
insert into vehicles values ('D26541','hyundai','ACCENT','Comfort','Black','2021-11-03 00:00:00.000000');
insert into vehicles values ('D26559','hyundai','ACCENT','Comfort','Brown','2019-08-08 00:00:00.000000');
insert into vehicles values ('D26550','hyundai','ACCENT','Comfort','Brown','2020-03-12 00:00:00.000000');
insert into vehicles values ('D26551','hyundai','ACCENT','Comfort','Brown','2021-10-26 00:00:00.000000');
insert into vehicles values ('G23819','hyundai','ACCENT','Elegance','Silver','2019-07-26 00:00:00.000000');
insert into vehicles values ('G23810','hyundai','ACCENT','Elegance','Silver','2020-08-03 00:00:00.000000');
insert into vehicles values ('G23811','hyundai','ACCENT','Elegance','Silver','2021-11-12 00:00:00.000000');
insert into vehicles values ('G23829','hyundai','ACCENT','Elegance','White','2019-05-13 00:00:00.000000');
insert into vehicles values ('G23820','hyundai','ACCENT','Elegance','White','2020-02-22 00:00:00.000000');
insert into vehicles values ('G23821','hyundai','ACCENT','Elegance','White','2021-05-01 00:00:00.000000');
insert into vehicles values ('G23839','hyundai','ACCENT','Elegance','Blue','2019-10-16 00:00:00.000000');
insert into vehicles values ('G23830','hyundai','ACCENT','Elegance','Blue','2020-10-22 00:00:00.000000');
insert into vehicles values ('G23831','hyundai','ACCENT','Elegance','Blue','2021-06-21 00:00:00.000000');
insert into vehicles values ('G23849','hyundai','ACCENT','Elegance','Black','2019-06-22 00:00:00.000000');
insert into vehicles values ('G23840','hyundai','ACCENT','Elegance','Black','2020-02-24 00:00:00.000000');
insert into vehicles values ('G23841','hyundai','ACCENT','Elegance','Black','2021-02-15 00:00:00.000000');
insert into vehicles values ('G23859','hyundai','ACCENT','Elegance','Brown','2019-09-30 00:00:00.000000');
insert into vehicles values ('G23850','hyundai','ACCENT','Elegance','Brown','2020-10-21 00:00:00.000000');
insert into vehicles values ('G23851','hyundai','ACCENT','Elegance','Brown','2021-06-26 00:00:00.000000');
insert into vehicles values ('GARZ19','hyundai','ELANTRA','Start','Silver','2019-02-02 00:00:00.000000');
insert into vehicles values ('GARZ10','hyundai','ELANTRA','Start','Silver','2020-11-03 00:00:00.000000');
insert into vehicles values ('GARZ11','hyundai','ELANTRA','Start','Silver','2021-07-18 00:00:00.000000');
insert into vehicles values ('GARZ29','hyundai','ELANTRA','Start','White','2019-09-23 00:00:00.000000');
insert into vehicles values ('GARZ20','hyundai','ELANTRA','Start','White','2020-08-28 00:00:00.000000');
insert into vehicles values ('GARZ21','hyundai','ELANTRA','Start','White','2021-08-20 00:00:00.000000');
insert into vehicles values ('GARZ39','hyundai','ELANTRA','Start','Blue','2019-05-09 00:00:00.000000');
insert into vehicles values ('GARZ30','hyundai','ELANTRA','Start','Blue','2020-06-25 00:00:00.000000');
insert into vehicles values ('GARZ31','hyundai','ELANTRA','Start','Blue','2021-04-17 00:00:00.000000');
insert into vehicles values ('GARZ49','hyundai','ELANTRA','Start','Black','2019-04-21 00:00:00.000000');
insert into vehicles values ('GARZ40','hyundai','ELANTRA','Start','Black','2020-07-30 00:00:00.000000');
insert into vehicles values ('GARZ41','hyundai','ELANTRA','Start','Black','2021-03-24 00:00:00.000000');
insert into vehicles values ('GARZ59','hyundai','ELANTRA','Start','Brown','2019-07-15 00:00:00.000000');
insert into vehicles values ('GARZ50','hyundai','ELANTRA','Start','Brown','2020-03-26 00:00:00.000000');
insert into vehicles values ('GARZ51','hyundai','ELANTRA','Start','Brown','2021-03-29 00:00:00.000000');
insert into vehicles values ('GAU619','hyundai','ELANTRA','Base','Silver','2019-04-18 00:00:00.000000');
insert into vehicles values ('GAU610','hyundai','ELANTRA','Base','Silver','2020-02-03 00:00:00.000000');
insert into vehicles values ('GAU611','hyundai','ELANTRA','Base','Silver','2021-08-13 00:00:00.000000');
insert into vehicles values ('GAU629','hyundai','ELANTRA','Base','White','2019-01-01 00:00:00.000000');
insert into vehicles values ('GAU620','hyundai','ELANTRA','Base','White','2020-11-29 00:00:00.000000');
insert into vehicles values ('GAU621','hyundai','ELANTRA','Base','White','2021-03-29 00:00:00.000000');
insert into vehicles values ('GAU639','hyundai','ELANTRA','Base','Blue','2019-08-17 00:00:00.000000');
insert into vehicles values ('GAU630','hyundai','ELANTRA','Base','Blue','2020-04-10 00:00:00.000000');
insert into vehicles values ('GAU631','hyundai','ELANTRA','Base','Blue','2021-01-22 00:00:00.000000');
insert into vehicles values ('GAU649','hyundai','ELANTRA','Base','Black','2019-08-11 00:00:00.000000');
insert into vehicles values ('GAU640','hyundai','ELANTRA','Base','Black','2020-03-24 00:00:00.000000');
insert into vehicles values ('GAU641','hyundai','ELANTRA','Base','Black','2021-04-29 00:00:00.000000');
insert into vehicles values ('GAU659','hyundai','ELANTRA','Base','Brown','2019-09-15 00:00:00.000000');
insert into vehicles values ('GAU650','hyundai','ELANTRA','Base','Brown','2020-05-06 00:00:00.000000');
insert into vehicles values ('GAU651','hyundai','ELANTRA','Base','Brown','2021-04-27 00:00:00.000000');
insert into vehicles values ('GAQQ19','hyundai','ELANTRA','Comfort','Silver','2019-02-05 00:00:00.000000');
insert into vehicles values ('GAQQ10','hyundai','ELANTRA','Comfort','Silver','2020-04-26 00:00:00.000000');
insert into vehicles values ('GAQQ11','hyundai','ELANTRA','Comfort','Silver','2021-05-28 00:00:00.000000');
insert into vehicles values ('GAQQ29','hyundai','ELANTRA','Comfort','White','2019-09-16 00:00:00.000000');
insert into vehicles values ('GAQQ20','hyundai','ELANTRA','Comfort','White','2020-02-21 00:00:00.000000');
insert into vehicles values ('GAQQ21','hyundai','ELANTRA','Comfort','White','2021-08-22 00:00:00.000000');
insert into vehicles values ('GAQQ39','hyundai','ELANTRA','Comfort','Blue','2019-04-08 00:00:00.000000');
insert into vehicles values ('GAQQ30','hyundai','ELANTRA','Comfort','Blue','2020-04-16 00:00:00.000000');
insert into vehicles values ('GAQQ31','hyundai','ELANTRA','Comfort','Blue','2021-05-17 00:00:00.000000');
insert into vehicles values ('GAQQ49','hyundai','ELANTRA','Comfort','Black','2019-09-19 00:00:00.000000');
insert into vehicles values ('GAQQ40','hyundai','ELANTRA','Comfort','Black','2020-03-08 00:00:00.000000');
insert into vehicles values ('GAQQ41','hyundai','ELANTRA','Comfort','Black','2021-07-25 00:00:00.000000');
insert into vehicles values ('GAQQ59','hyundai','ELANTRA','Comfort','Brown','2019-04-09 00:00:00.000000');
insert into vehicles values ('GAQQ50','hyundai','ELANTRA','Comfort','Brown','2020-02-17 00:00:00.000000');
insert into vehicles values ('GAQQ51','hyundai','ELANTRA','Comfort','Brown','2021-02-19 00:00:00.000000');
insert into vehicles values ('GAQM19','hyundai','ELANTRA','Elegance','Silver','2019-03-06 00:00:00.000000');
insert into vehicles values ('GAQM10','hyundai','ELANTRA','Elegance','Silver','2020-04-02 00:00:00.000000');
insert into vehicles values ('GAQM11','hyundai','ELANTRA','Elegance','Silver','2021-10-16 00:00:00.000000');
insert into vehicles values ('GAQM29','hyundai','ELANTRA','Elegance','White','2019-03-18 00:00:00.000000');
insert into vehicles values ('GAQM20','hyundai','ELANTRA','Elegance','White','2020-09-20 00:00:00.000000');
insert into vehicles values ('GAQM21','hyundai','ELANTRA','Elegance','White','2021-11-28 00:00:00.000000');
insert into vehicles values ('GAQM39','hyundai','ELANTRA','Elegance','Blue','2019-11-02 00:00:00.000000');
insert into vehicles values ('GAQM30','hyundai','ELANTRA','Elegance','Blue','2020-04-19 00:00:00.000000');
insert into vehicles values ('GAQM31','hyundai','ELANTRA','Elegance','Blue','2021-06-14 00:00:00.000000');
insert into vehicles values ('GAQM49','hyundai','ELANTRA','Elegance','Black','2019-05-28 00:00:00.000000');
insert into vehicles values ('GAQM40','hyundai','ELANTRA','Elegance','Black','2020-08-03 00:00:00.000000');
insert into vehicles values ('GAQM41','hyundai','ELANTRA','Elegance','Black','2021-01-12 00:00:00.000000');
insert into vehicles values ('GAQM59','hyundai','ELANTRA','Elegance','Brown','2019-01-12 00:00:00.000000');
insert into vehicles values ('GAQM50','hyundai','ELANTRA','Elegance','Brown','2020-08-05 00:00:00.000000');
insert into vehicles values ('GAQM51','hyundai','ELANTRA','Elegance','Brown','2021-11-11 00:00:00.000000');
insert into vehicles values ('GAQR19','hyundai','ELANTRA','Style','Silver','2019-08-02 00:00:00.000000');
insert into vehicles values ('GAQR10','hyundai','ELANTRA','Style','Silver','2020-10-18 00:00:00.000000');
insert into vehicles values ('GAQR11','hyundai','ELANTRA','Style','Silver','2021-04-03 00:00:00.000000');
insert into vehicles values ('GAQR29','hyundai','ELANTRA','Style','White','2019-03-25 00:00:00.000000');
insert into vehicles values ('GAQR20','hyundai','ELANTRA','Style','White','2020-03-16 00:00:00.000000');
insert into vehicles values ('GAQR21','hyundai','ELANTRA','Style','White','2021-02-28 00:00:00.000000');
insert into vehicles values ('GAQR39','hyundai','ELANTRA','Style','Blue','2019-01-08 00:00:00.000000');
insert into vehicles values ('GAQR30','hyundai','ELANTRA','Style','Blue','2020-08-24 00:00:00.000000');
insert into vehicles values ('GAQR31','hyundai','ELANTRA','Style','Blue','2021-01-03 00:00:00.000000');
insert into vehicles values ('GAQR49','hyundai','ELANTRA','Style','Black','2019-01-20 00:00:00.000000');
insert into vehicles values ('GAQR40','hyundai','ELANTRA','Style','Black','2020-02-12 00:00:00.000000');
insert into vehicles values ('GAQR41','hyundai','ELANTRA','Style','Black','2021-11-05 00:00:00.000000');
insert into vehicles values ('GAQR59','hyundai','ELANTRA','Style','Brown','2019-10-08 00:00:00.000000');
insert into vehicles values ('GAQR50','hyundai','ELANTRA','Style','Brown','2020-09-26 00:00:00.000000');
insert into vehicles values ('GAQR51','hyundai','ELANTRA','Style','Brown','2021-11-24 00:00:00.000000');
insert into vehicles values ('GAQS19','hyundai','ELANTRA','High-Tech','Silver','2019-10-23 00:00:00.000000');
insert into vehicles values ('GAQS10','hyundai','ELANTRA','High-Tech','Silver','2020-02-22 00:00:00.000000');
insert into vehicles values ('GAQS11','hyundai','ELANTRA','High-Tech','Silver','2021-06-28 00:00:00.000000');
insert into vehicles values ('GAQS29','hyundai','ELANTRA','High-Tech','White','2019-08-04 00:00:00.000000');
insert into vehicles values ('GAQS20','hyundai','ELANTRA','High-Tech','White','2020-03-04 00:00:00.000000');
insert into vehicles values ('GAQS21','hyundai','ELANTRA','High-Tech','White','2021-03-03 00:00:00.000000');
insert into vehicles values ('GAQS39','hyundai','ELANTRA','High-Tech','Blue','2019-01-17 00:00:00.000000');
insert into vehicles values ('GAQS30','hyundai','ELANTRA','High-Tech','Blue','2020-01-21 00:00:00.000000');
insert into vehicles values ('GAQS31','hyundai','ELANTRA','High-Tech','Blue','2021-02-02 00:00:00.000000');
insert into vehicles values ('GAQS49','hyundai','ELANTRA','High-Tech','Black','2019-03-09 00:00:00.000000');
insert into vehicles values ('GAQS40','hyundai','ELANTRA','High-Tech','Black','2020-11-11 00:00:00.000000');
insert into vehicles values ('GAQS41','hyundai','ELANTRA','High-Tech','Black','2021-10-12 00:00:00.000000');
insert into vehicles values ('GAQS59','hyundai','ELANTRA','High-Tech','Brown','2019-10-20 00:00:00.000000');
insert into vehicles values ('GAQS50','hyundai','ELANTRA','High-Tech','Brown','2020-11-16 00:00:00.000000');
insert into vehicles values ('GAQS51','hyundai','ELANTRA','High-Tech','Brown','2021-04-17 00:00:00.000000');
insert into vehicles values ('GAQT19','hyundai','ELANTRA','Luxe','Silver','2019-03-19 00:00:00.000000');
insert into vehicles values ('GAQT10','hyundai','ELANTRA','Luxe','Silver','2020-05-05 00:00:00.000000');
insert into vehicles values ('GAQT11','hyundai','ELANTRA','Luxe','Silver','2021-09-03 00:00:00.000000');
insert into vehicles values ('GAQT29','hyundai','ELANTRA','Luxe','White','2019-10-16 00:00:00.000000');
insert into vehicles values ('GAQT20','hyundai','ELANTRA','Luxe','White','2020-08-29 00:00:00.000000');
insert into vehicles values ('GAQT21','hyundai','ELANTRA','Luxe','White','2021-10-01 00:00:00.000000');
insert into vehicles values ('GAQT39','hyundai','ELANTRA','Luxe','Blue','2019-02-18 00:00:00.000000');
insert into vehicles values ('GAQT30','hyundai','ELANTRA','Luxe','Blue','2020-05-26 00:00:00.000000');
insert into vehicles values ('GAQT31','hyundai','ELANTRA','Luxe','Blue','2021-11-25 00:00:00.000000');
insert into vehicles values ('GAQT49','hyundai','ELANTRA','Luxe','Black','2019-11-15 00:00:00.000000');
insert into vehicles values ('GAQT40','hyundai','ELANTRA','Luxe','Black','2020-04-13 00:00:00.000000');
insert into vehicles values ('GAQT41','hyundai','ELANTRA','Luxe','Black','2021-09-10 00:00:00.000000');
insert into vehicles values ('GAQT59','hyundai','ELANTRA','Luxe','Brown','2019-06-23 00:00:00.000000');
insert into vehicles values ('GAQT50','hyundai','ELANTRA','Luxe','Brown','2020-02-16 00:00:00.000000');
insert into vehicles values ('GAQT51','hyundai','ELANTRA','Luxe','Brown','2021-11-19 00:00:00.000000');
insert into vehicles values ('GHPR19','hyundai','SANTA FE','Comfort','Silver','2019-02-10 00:00:00.000000');
insert into vehicles values ('GHPR10','hyundai','SANTA FE','Comfort','Silver','2020-09-08 00:00:00.000000');
insert into vehicles values ('GHPR11','hyundai','SANTA FE','Comfort','Silver','2021-03-01 00:00:00.000000');
insert into vehicles values ('GHPR29','hyundai','SANTA FE','Comfort','White','2019-08-07 00:00:00.000000');
insert into vehicles values ('GHPR20','hyundai','SANTA FE','Comfort','White','2020-05-20 00:00:00.000000');
insert into vehicles values ('GHPR21','hyundai','SANTA FE','Comfort','White','2021-03-22 00:00:00.000000');
insert into vehicles values ('GHPR39','hyundai','SANTA FE','Comfort','Blue','2019-02-26 00:00:00.000000');
insert into vehicles values ('GHPR30','hyundai','SANTA FE','Comfort','Blue','2020-08-09 00:00:00.000000');
insert into vehicles values ('GHPR31','hyundai','SANTA FE','Comfort','Blue','2021-04-02 00:00:00.000000');
insert into vehicles values ('GHPR49','hyundai','SANTA FE','Comfort','Black','2019-07-08 00:00:00.000000');
insert into vehicles values ('GHPR40','hyundai','SANTA FE','Comfort','Black','2020-06-13 00:00:00.000000');
insert into vehicles values ('GHPR41','hyundai','SANTA FE','Comfort','Black','2021-03-30 00:00:00.000000');
insert into vehicles values ('GHPR59','hyundai','SANTA FE','Comfort','Brown','2019-02-14 00:00:00.000000');
insert into vehicles values ('GHPR50','hyundai','SANTA FE','Comfort','Brown','2020-06-20 00:00:00.000000');
insert into vehicles values ('GHPR51','hyundai','SANTA FE','Comfort','Brown','2021-03-23 00:00:00.000000');
insert into vehicles values ('GHQ819','hyundai','SANTA FE','Travel','Silver','2019-10-05 00:00:00.000000');
insert into vehicles values ('GHQ810','hyundai','SANTA FE','Travel','Silver','2020-07-06 00:00:00.000000');
insert into vehicles values ('GHQ811','hyundai','SANTA FE','Travel','Silver','2021-11-03 00:00:00.000000');
insert into vehicles values ('GHQ829','hyundai','SANTA FE','Travel','White','2019-01-26 00:00:00.000000');
insert into vehicles values ('GHQ820','hyundai','SANTA FE','Travel','White','2020-11-24 00:00:00.000000');
insert into vehicles values ('GHQ821','hyundai','SANTA FE','Travel','White','2021-10-16 00:00:00.000000');
insert into vehicles values ('GHQ839','hyundai','SANTA FE','Travel','Blue','2019-08-17 00:00:00.000000');
insert into vehicles values ('GHQ830','hyundai','SANTA FE','Travel','Blue','2020-02-05 00:00:00.000000');
insert into vehicles values ('GHQ831','hyundai','SANTA FE','Travel','Blue','2021-11-10 00:00:00.000000');
insert into vehicles values ('GHQ849','hyundai','SANTA FE','Travel','Black','2019-10-20 00:00:00.000000');
insert into vehicles values ('GHQ840','hyundai','SANTA FE','Travel','Black','2020-01-05 00:00:00.000000');
insert into vehicles values ('GHQ841','hyundai','SANTA FE','Travel','Black','2021-01-29 00:00:00.000000');
insert into vehicles values ('GHQ859','hyundai','SANTA FE','Travel','Brown','2019-05-06 00:00:00.000000');
insert into vehicles values ('GHQ850','hyundai','SANTA FE','Travel','Brown','2020-10-06 00:00:00.000000');
insert into vehicles values ('GHQ851','hyundai','SANTA FE','Travel','Brown','2021-01-01 00:00:00.000000');
insert into vehicles values ('GHPT19','hyundai','SANTA FE','Prime','Silver','2019-08-26 00:00:00.000000');
insert into vehicles values ('GHPT10','hyundai','SANTA FE','Prime','Silver','2020-11-29 00:00:00.000000');
insert into vehicles values ('GHPT11','hyundai','SANTA FE','Prime','Silver','2021-07-18 00:00:00.000000');
insert into vehicles values ('GHPT29','hyundai','SANTA FE','Prime','White','2019-03-16 00:00:00.000000');
insert into vehicles values ('GHPT20','hyundai','SANTA FE','Prime','White','2020-09-27 00:00:00.000000');
insert into vehicles values ('GHPT21','hyundai','SANTA FE','Prime','White','2021-04-08 00:00:00.000000');
insert into vehicles values ('GHPT39','hyundai','SANTA FE','Prime','Blue','2019-09-04 00:00:00.000000');
insert into vehicles values ('GHPT30','hyundai','SANTA FE','Prime','Blue','2020-09-13 00:00:00.000000');
insert into vehicles values ('GHPT31','hyundai','SANTA FE','Prime','Blue','2021-11-13 00:00:00.000000');
insert into vehicles values ('GHPT49','hyundai','SANTA FE','Prime','Black','2019-04-29 00:00:00.000000');
insert into vehicles values ('GHPT40','hyundai','SANTA FE','Prime','Black','2020-05-06 00:00:00.000000');
insert into vehicles values ('GHPT41','hyundai','SANTA FE','Prime','Black','2021-11-11 00:00:00.000000');
insert into vehicles values ('GHPT59','hyundai','SANTA FE','Prime','Brown','2019-03-11 00:00:00.000000');
insert into vehicles values ('GHPT50','hyundai','SANTA FE','Prime','Brown','2020-06-25 00:00:00.000000');
insert into vehicles values ('GHPT51','hyundai','SANTA FE','Prime','Brown','2021-05-15 00:00:00.000000');
insert into vehicles values ('GHPU19','hyundai','SANTA FE','High-Tech','Silver','2019-09-22 00:00:00.000000');
insert into vehicles values ('GHPU10','hyundai','SANTA FE','High-Tech','Silver','2020-02-27 00:00:00.000000');
insert into vehicles values ('GHPU11','hyundai','SANTA FE','High-Tech','Silver','2021-03-09 00:00:00.000000');
insert into vehicles values ('GHPU29','hyundai','SANTA FE','High-Tech','White','2019-07-01 00:00:00.000000');
insert into vehicles values ('GHPU20','hyundai','SANTA FE','High-Tech','White','2020-11-29 00:00:00.000000');
insert into vehicles values ('GHPU21','hyundai','SANTA FE','High-Tech','White','2021-04-09 00:00:00.000000');
insert into vehicles values ('GHPU39','hyundai','SANTA FE','High-Tech','Blue','2019-03-12 00:00:00.000000');
insert into vehicles values ('GHPU30','hyundai','SANTA FE','High-Tech','Blue','2020-10-27 00:00:00.000000');
insert into vehicles values ('GHPU31','hyundai','SANTA FE','High-Tech','Blue','2021-10-11 00:00:00.000000');
insert into vehicles values ('GHPU49','hyundai','SANTA FE','High-Tech','Black','2019-05-12 00:00:00.000000');
insert into vehicles values ('GHPU40','hyundai','SANTA FE','High-Tech','Black','2020-05-24 00:00:00.000000');
insert into vehicles values ('GHPU41','hyundai','SANTA FE','High-Tech','Black','2021-05-19 00:00:00.000000');
insert into vehicles values ('GHPU59','hyundai','SANTA FE','High-Tech','Brown','2019-05-04 00:00:00.000000');
insert into vehicles values ('GHPU50','hyundai','SANTA FE','High-Tech','Brown','2020-11-10 00:00:00.000000');
insert into vehicles values ('GHPU51','hyundai','SANTA FE','High-Tech','Brown','2021-03-16 00:00:00.000000');
insert into vehicles values ('GMB219','hyundai','H1','Base','Silver','2019-11-22 00:00:00.000000');
insert into vehicles values ('GMB210','hyundai','H1','Base','Silver','2020-06-09 00:00:00.000000');
insert into vehicles values ('GMB211','hyundai','H1','Base','Silver','2021-04-30 00:00:00.000000');
insert into vehicles values ('GMB229','hyundai','H1','Base','White','2019-05-02 00:00:00.000000');
insert into vehicles values ('GMB220','hyundai','H1','Base','White','2020-08-08 00:00:00.000000');
insert into vehicles values ('GMB221','hyundai','H1','Base','White','2021-06-18 00:00:00.000000');
insert into vehicles values ('GMB239','hyundai','H1','Base','Blue','2019-06-08 00:00:00.000000');
insert into vehicles values ('GMB230','hyundai','H1','Base','Blue','2020-01-06 00:00:00.000000');
insert into vehicles values ('GMB231','hyundai','H1','Base','Blue','2021-01-26 00:00:00.000000');
insert into vehicles values ('GMB249','hyundai','H1','Base','Black','2019-04-02 00:00:00.000000');
insert into vehicles values ('GMB240','hyundai','H1','Base','Black','2020-08-25 00:00:00.000000');
insert into vehicles values ('GMB241','hyundai','H1','Base','Black','2021-01-02 00:00:00.000000');
insert into vehicles values ('GMB259','hyundai','H1','Base','Brown','2019-07-15 00:00:00.000000');
insert into vehicles values ('GMB250','hyundai','H1','Base','Brown','2020-04-02 00:00:00.000000');
insert into vehicles values ('GMB251','hyundai','H1','Base','Brown','2021-09-30 00:00:00.000000');
insert into vehicles values ('GMB519','hyundai','H1','Family','Silver','2019-05-21 00:00:00.000000');
insert into vehicles values ('GMB510','hyundai','H1','Family','Silver','2020-08-05 00:00:00.000000');
insert into vehicles values ('GMB511','hyundai','H1','Family','Silver','2021-11-04 00:00:00.000000');
insert into vehicles values ('GMB529','hyundai','H1','Family','White','2019-08-04 00:00:00.000000');
insert into vehicles values ('GMB520','hyundai','H1','Family','White','2020-09-20 00:00:00.000000');
insert into vehicles values ('GMB521','hyundai','H1','Family','White','2021-05-12 00:00:00.000000');
insert into vehicles values ('GMB539','hyundai','H1','Family','Blue','2019-08-08 00:00:00.000000');
insert into vehicles values ('GMB530','hyundai','H1','Family','Blue','2020-03-17 00:00:00.000000');
insert into vehicles values ('GMB531','hyundai','H1','Family','Blue','2021-03-30 00:00:00.000000');
insert into vehicles values ('GMB549','hyundai','H1','Family','Black','2019-09-05 00:00:00.000000');
insert into vehicles values ('GMB540','hyundai','H1','Family','Black','2020-11-15 00:00:00.000000');
insert into vehicles values ('GMB541','hyundai','H1','Family','Black','2021-06-06 00:00:00.000000');
insert into vehicles values ('GMB559','hyundai','H1','Family','Brown','2019-06-29 00:00:00.000000');
insert into vehicles values ('GMB550','hyundai','H1','Family','Brown','2020-07-26 00:00:00.000000');
insert into vehicles values ('GMB551','hyundai','H1','Family','Brown','2021-02-03 00:00:00.000000');
insert into vehicles values ('GMB619','hyundai','H1','Business','Silver','2019-06-12 00:00:00.000000');
insert into vehicles values ('GMB610','hyundai','H1','Business','Silver','2020-03-03 00:00:00.000000');
insert into vehicles values ('GMB611','hyundai','H1','Business','Silver','2021-05-04 00:00:00.000000');
insert into vehicles values ('GMB629','hyundai','H1','Business','White','2019-04-17 00:00:00.000000');
insert into vehicles values ('GMB620','hyundai','H1','Business','White','2020-02-16 00:00:00.000000');
insert into vehicles values ('GMB621','hyundai','H1','Business','White','2021-01-21 00:00:00.000000');
insert into vehicles values ('GMB639','hyundai','H1','Business','Blue','2019-11-24 00:00:00.000000');
insert into vehicles values ('GMB630','hyundai','H1','Business','Blue','2020-08-12 00:00:00.000000');
insert into vehicles values ('GMB631','hyundai','H1','Business','Blue','2021-11-14 00:00:00.000000');
insert into vehicles values ('GMB649','hyundai','H1','Business','Black','2019-10-08 00:00:00.000000');
insert into vehicles values ('GMB640','hyundai','H1','Business','Black','2020-06-02 00:00:00.000000');
insert into vehicles values ('GMB641','hyundai','H1','Business','Black','2021-03-18 00:00:00.000000');
insert into vehicles values ('GMB659','hyundai','H1','Business','Brown','2019-08-08 00:00:00.000000');
insert into vehicles values ('GMB650','hyundai','H1','Business','Brown','2020-05-02 00:00:00.000000');
insert into vehicles values ('GMB651','hyundai','H1','Business','Brown','2021-03-15 00:00:00.000000');
insert into vehicles values ('E7HD19','Subaru','Subaru XV','Comfort','Green','2019-06-29 00:00:00.000000');
insert into vehicles values ('E7HD10','Subaru','Subaru XV','Comfort','Green','2020-05-29 00:00:00.000000');
insert into vehicles values ('E7HD11','Subaru','Subaru XV','Comfort','Green','2021-05-07 00:00:00.000000');
insert into vehicles values ('E7HD29','Subaru','Subaru XV','Comfort','Grey','2019-06-30 00:00:00.000000');
insert into vehicles values ('E7HD20','Subaru','Subaru XV','Comfort','Grey','2020-05-10 00:00:00.000000');
insert into vehicles values ('E7HD21','Subaru','Subaru XV','Comfort','Grey','2021-09-18 00:00:00.000000');
insert into vehicles values ('E7HD39','Subaru','Subaru XV','Comfort','Black','2019-11-25 00:00:00.000000');
insert into vehicles values ('E7HD30','Subaru','Subaru XV','Comfort','Black','2020-03-07 00:00:00.000000');
insert into vehicles values ('E7HD31','Subaru','Subaru XV','Comfort','Black','2021-10-08 00:00:00.000000');
insert into vehicles values ('E7HD49','Subaru','Subaru XV','Comfort','Blue','2019-10-09 00:00:00.000000');
insert into vehicles values ('E7HD40','Subaru','Subaru XV','Comfort','Blue','2020-04-25 00:00:00.000000');
insert into vehicles values ('E7HD41','Subaru','Subaru XV','Comfort','Blue','2021-10-24 00:00:00.000000');
insert into vehicles values ('E7HD59','Subaru','Subaru XV','Comfort','Bronze','2019-01-05 00:00:00.000000');
insert into vehicles values ('E7HD50','Subaru','Subaru XV','Comfort','Bronze','2020-11-13 00:00:00.000000');
insert into vehicles values ('E7HD51','Subaru','Subaru XV','Comfort','Bronze','2021-03-19 00:00:00.000000');
insert into vehicles values ('E7JG19','Subaru','Subaru XV','Elegance','Green','2019-02-28 00:00:00.000000');
insert into vehicles values ('E7JG10','Subaru','Subaru XV','Elegance','Green','2020-03-05 00:00:00.000000');
insert into vehicles values ('E7JG11','Subaru','Subaru XV','Elegance','Green','2021-09-27 00:00:00.000000');
insert into vehicles values ('E7JG29','Subaru','Subaru XV','Elegance','Grey','2019-11-19 00:00:00.000000');
insert into vehicles values ('E7JG20','Subaru','Subaru XV','Elegance','Grey','2020-04-03 00:00:00.000000');
insert into vehicles values ('E7JG21','Subaru','Subaru XV','Elegance','Grey','2021-08-13 00:00:00.000000');
insert into vehicles values ('E7JG39','Subaru','Subaru XV','Elegance','Black','2019-07-10 00:00:00.000000');
insert into vehicles values ('E7JG30','Subaru','Subaru XV','Elegance','Black','2020-04-02 00:00:00.000000');
insert into vehicles values ('E7JG31','Subaru','Subaru XV','Elegance','Black','2021-10-23 00:00:00.000000');
insert into vehicles values ('E7JG49','Subaru','Subaru XV','Elegance','Blue','2019-07-13 00:00:00.000000');
insert into vehicles values ('E7JG40','Subaru','Subaru XV','Elegance','Blue','2020-05-19 00:00:00.000000');
insert into vehicles values ('E7JG41','Subaru','Subaru XV','Elegance','Blue','2021-06-10 00:00:00.000000');
insert into vehicles values ('E7JG59','Subaru','Subaru XV','Elegance','Bronze','2019-06-18 00:00:00.000000');
insert into vehicles values ('E7JG50','Subaru','Subaru XV','Elegance','Bronze','2020-04-11 00:00:00.000000');
insert into vehicles values ('E7JG51','Subaru','Subaru XV','Elegance','Bronze','2021-09-30 00:00:00.000000');
insert into vehicles values ('E7VF19','Subaru','Forester','Standart','Green','2019-04-08 00:00:00.000000');
insert into vehicles values ('E7VF10','Subaru','Forester','Standart','Green','2020-07-05 00:00:00.000000');
insert into vehicles values ('E7VF11','Subaru','Forester','Standart','Green','2021-04-19 00:00:00.000000');
insert into vehicles values ('E7VF29','Subaru','Forester','Standart','Grey','2019-08-25 00:00:00.000000');
insert into vehicles values ('E7VF20','Subaru','Forester','Standart','Grey','2020-10-21 00:00:00.000000');
insert into vehicles values ('E7VF21','Subaru','Forester','Standart','Grey','2021-06-11 00:00:00.000000');
insert into vehicles values ('E7VF39','Subaru','Forester','Standart','Black','2019-04-26 00:00:00.000000');
insert into vehicles values ('E7VF30','Subaru','Forester','Standart','Black','2020-02-25 00:00:00.000000');
insert into vehicles values ('E7VF31','Subaru','Forester','Standart','Black','2021-08-06 00:00:00.000000');
insert into vehicles values ('E7VF49','Subaru','Forester','Standart','Blue','2019-04-27 00:00:00.000000');
insert into vehicles values ('E7VF40','Subaru','Forester','Standart','Blue','2020-05-11 00:00:00.000000');
insert into vehicles values ('E7VF41','Subaru','Forester','Standart','Blue','2021-09-17 00:00:00.000000');
insert into vehicles values ('E7VF59','Subaru','Forester','Standart','Bronze','2019-01-20 00:00:00.000000');
insert into vehicles values ('E7VF50','Subaru','Forester','Standart','Bronze','2020-08-02 00:00:00.000000');
insert into vehicles values ('E7VF51','Subaru','Forester','Standart','Bronze','2021-10-04 00:00:00.000000');
insert into vehicles values ('E7BM19','Subaru','Forester','Elegance','Green','2019-02-22 00:00:00.000000');
insert into vehicles values ('E7BM10','Subaru','Forester','Elegance','Green','2020-04-30 00:00:00.000000');
insert into vehicles values ('E7BM11','Subaru','Forester','Elegance','Green','2021-01-20 00:00:00.000000');
insert into vehicles values ('E7BM29','Subaru','Forester','Elegance','Grey','2019-09-16 00:00:00.000000');
insert into vehicles values ('E7BM20','Subaru','Forester','Elegance','Grey','2020-02-26 00:00:00.000000');
insert into vehicles values ('E7BM21','Subaru','Forester','Elegance','Grey','2021-01-25 00:00:00.000000');
insert into vehicles values ('E7BM39','Subaru','Forester','Elegance','Black','2019-07-29 00:00:00.000000');
insert into vehicles values ('E7BM30','Subaru','Forester','Elegance','Black','2020-02-01 00:00:00.000000');
insert into vehicles values ('E7BM31','Subaru','Forester','Elegance','Black','2021-06-11 00:00:00.000000');
insert into vehicles values ('E7BM49','Subaru','Forester','Elegance','Blue','2019-05-30 00:00:00.000000');
insert into vehicles values ('E7BM40','Subaru','Forester','Elegance','Blue','2020-08-27 00:00:00.000000');
insert into vehicles values ('E7BM41','Subaru','Forester','Elegance','Blue','2021-11-12 00:00:00.000000');
insert into vehicles values ('E7BM59','Subaru','Forester','Elegance','Bronze','2019-04-14 00:00:00.000000');
insert into vehicles values ('E7BM50','Subaru','Forester','Elegance','Bronze','2020-09-30 00:00:00.000000');
insert into vehicles values ('E7BM51','Subaru','Forester','Elegance','Bronze','2021-11-10 00:00:00.000000');
insert into vehicles values ('E7OS19','Subaru','Forester','Prestige','Green','2019-09-28 00:00:00.000000');
insert into vehicles values ('E7OS10','Subaru','Forester','Prestige','Green','2020-08-11 00:00:00.000000');
insert into vehicles values ('E7OS11','Subaru','Forester','Prestige','Green','2021-06-09 00:00:00.000000');
insert into vehicles values ('E7OS29','Subaru','Forester','Prestige','Grey','2019-10-18 00:00:00.000000');
insert into vehicles values ('E7OS20','Subaru','Forester','Prestige','Grey','2020-09-22 00:00:00.000000');
insert into vehicles values ('E7OS21','Subaru','Forester','Prestige','Grey','2021-05-27 00:00:00.000000');
insert into vehicles values ('E7OS39','Subaru','Forester','Prestige','Black','2019-03-22 00:00:00.000000');
insert into vehicles values ('E7OS30','Subaru','Forester','Prestige','Black','2020-04-07 00:00:00.000000');
insert into vehicles values ('E7OS31','Subaru','Forester','Prestige','Black','2021-08-08 00:00:00.000000');
insert into vehicles values ('E7OS49','Subaru','Forester','Prestige','Blue','2019-09-17 00:00:00.000000');
insert into vehicles values ('E7OS40','Subaru','Forester','Prestige','Blue','2020-07-15 00:00:00.000000');
insert into vehicles values ('E7OS41','Subaru','Forester','Prestige','Blue','2021-10-26 00:00:00.000000');
insert into vehicles values ('E7OS59','Subaru','Forester','Prestige','Bronze','2019-02-23 00:00:00.000000');
insert into vehicles values ('E7OS50','Subaru','Forester','Prestige','Bronze','2020-06-25 00:00:00.000000');
insert into vehicles values ('E7OS51','Subaru','Forester','Prestige','Bronze','2021-04-24 00:00:00.000000');
insert into vehicles values ('E7OI19','Subaru','Forester','Sport','Green','2019-10-30 00:00:00.000000');
insert into vehicles values ('E7OI10','Subaru','Forester','Sport','Green','2020-07-18 00:00:00.000000');
insert into vehicles values ('E7OI11','Subaru','Forester','Sport','Green','2021-06-13 00:00:00.000000');
insert into vehicles values ('E7OI29','Subaru','Forester','Sport','Grey','2019-05-28 00:00:00.000000');
insert into vehicles values ('E7OI20','Subaru','Forester','Sport','Grey','2020-04-06 00:00:00.000000');
insert into vehicles values ('E7OI21','Subaru','Forester','Sport','Grey','2021-09-18 00:00:00.000000');
insert into vehicles values ('E7OI39','Subaru','Forester','Sport','Black','2019-08-03 00:00:00.000000');
insert into vehicles values ('E7OI30','Subaru','Forester','Sport','Black','2020-02-03 00:00:00.000000');
insert into vehicles values ('E7OI31','Subaru','Forester','Sport','Black','2021-05-23 00:00:00.000000');
insert into vehicles values ('E7OI49','Subaru','Forester','Sport','Blue','2019-01-07 00:00:00.000000');
insert into vehicles values ('E7OI40','Subaru','Forester','Sport','Blue','2020-08-02 00:00:00.000000');
insert into vehicles values ('E7OI41','Subaru','Forester','Sport','Blue','2021-08-12 00:00:00.000000');
insert into vehicles values ('E7OI59','Subaru','Forester','Sport','Bronze','2019-08-14 00:00:00.000000');
insert into vehicles values ('E7OI50','Subaru','Forester','Sport','Bronze','2020-04-05 00:00:00.000000');
insert into vehicles values ('E7OI51','Subaru','Forester','Sport','Bronze','2021-02-10 00:00:00.000000');
insert into vehicles values ('E7OX19','Subaru','Outback','Premium','Green','2019-01-14 00:00:00.000000');
insert into vehicles values ('E7OX10','Subaru','Outback','Premium','Green','2020-11-26 00:00:00.000000');
insert into vehicles values ('E7OX11','Subaru','Outback','Premium','Green','2021-04-29 00:00:00.000000');
insert into vehicles values ('E7OX29','Subaru','Outback','Premium','Grey','2019-05-16 00:00:00.000000');
insert into vehicles values ('E7OX20','Subaru','Outback','Premium','Grey','2020-04-08 00:00:00.000000');
insert into vehicles values ('E7OX21','Subaru','Outback','Premium','Grey','2021-01-19 00:00:00.000000');
insert into vehicles values ('E7OX39','Subaru','Outback','Premium','Black','2019-02-10 00:00:00.000000');
insert into vehicles values ('E7OX30','Subaru','Outback','Premium','Black','2020-10-26 00:00:00.000000');
insert into vehicles values ('E7OX31','Subaru','Outback','Premium','Black','2021-06-21 00:00:00.000000');
insert into vehicles values ('E7OX49','Subaru','Outback','Premium','Blue','2019-04-28 00:00:00.000000');
insert into vehicles values ('E7OX40','Subaru','Outback','Premium','Blue','2020-07-19 00:00:00.000000');
insert into vehicles values ('E7OX41','Subaru','Outback','Premium','Blue','2021-04-11 00:00:00.000000');
insert into vehicles values ('E7OX59','Subaru','Outback','Premium','Bronze','2019-04-13 00:00:00.000000');
insert into vehicles values ('E7OX50','Subaru','Outback','Premium','Bronze','2020-05-07 00:00:00.000000');
insert into vehicles values ('E7OX51','Subaru','Outback','Premium','Bronze','2021-08-20 00:00:00.000000');
insert into vehicles values ('E74Q19','Subaru','Outback','Touring','Green','2019-04-21 00:00:00.000000');
insert into vehicles values ('E74Q10','Subaru','Outback','Touring','Green','2020-03-11 00:00:00.000000');
insert into vehicles values ('E74Q11','Subaru','Outback','Touring','Green','2021-07-23 00:00:00.000000');
insert into vehicles values ('E74Q29','Subaru','Outback','Touring','Grey','2019-01-22 00:00:00.000000');
insert into vehicles values ('E74Q20','Subaru','Outback','Touring','Grey','2020-10-09 00:00:00.000000');
insert into vehicles values ('E74Q21','Subaru','Outback','Touring','Grey','2021-01-20 00:00:00.000000');
insert into vehicles values ('E74Q39','Subaru','Outback','Touring','Black','2019-03-28 00:00:00.000000');
insert into vehicles values ('E74Q30','Subaru','Outback','Touring','Black','2020-03-17 00:00:00.000000');
insert into vehicles values ('E74Q31','Subaru','Outback','Touring','Black','2021-04-30 00:00:00.000000');
insert into vehicles values ('E74Q49','Subaru','Outback','Touring','Blue','2019-06-08 00:00:00.000000');
insert into vehicles values ('E74Q40','Subaru','Outback','Touring','Blue','2020-02-02 00:00:00.000000');
insert into vehicles values ('E74Q41','Subaru','Outback','Touring','Blue','2021-01-06 00:00:00.000000');
insert into vehicles values ('E74Q59','Subaru','Outback','Touring','Bronze','2019-02-10 00:00:00.000000');
insert into vehicles values ('E74Q50','Subaru','Outback','Touring','Bronze','2020-06-14 00:00:00.000000');
insert into vehicles values ('E74Q51','Subaru','Outback','Touring','Bronze','2021-01-21 00:00:00.000000');
insert into vehicles values ('M7P119','Haval','Jolion','Comfort','White','2019-02-09 00:00:00.000000');
insert into vehicles values ('M7P110','Haval','Jolion','Comfort','White','2020-11-19 00:00:00.000000');
insert into vehicles values ('M7P111','Haval','Jolion','Comfort','White','2021-02-07 00:00:00.000000');
insert into vehicles values ('M7P129','Haval','Jolion','Comfort','Grey','2019-07-08 00:00:00.000000');
insert into vehicles values ('M7P120','Haval','Jolion','Comfort','Grey','2020-04-22 00:00:00.000000');
insert into vehicles values ('M7P121','Haval','Jolion','Comfort','Grey','2021-06-19 00:00:00.000000');
insert into vehicles values ('M7P139','Haval','Jolion','Comfort','Black','2019-05-05 00:00:00.000000');
insert into vehicles values ('M7P130','Haval','Jolion','Comfort','Black','2020-07-10 00:00:00.000000');
insert into vehicles values ('M7P131','Haval','Jolion','Comfort','Black','2021-02-06 00:00:00.000000');
insert into vehicles values ('M7P149','Haval','Jolion','Comfort','Bronze','2019-04-12 00:00:00.000000');
insert into vehicles values ('M7P140','Haval','Jolion','Comfort','Bronze','2020-08-09 00:00:00.000000');
insert into vehicles values ('M7P141','Haval','Jolion','Comfort','Bronze','2021-05-12 00:00:00.000000');
insert into vehicles values ('M7B219','Haval','Jolion','Elite','White','2019-05-07 00:00:00.000000');
insert into vehicles values ('M7B210','Haval','Jolion','Elite','White','2020-01-19 00:00:00.000000');
insert into vehicles values ('M7B211','Haval','Jolion','Elite','White','2021-11-12 00:00:00.000000');
insert into vehicles values ('M7B229','Haval','Jolion','Elite','Grey','2019-02-16 00:00:00.000000');
insert into vehicles values ('M7B220','Haval','Jolion','Elite','Grey','2020-06-21 00:00:00.000000');
insert into vehicles values ('M7B221','Haval','Jolion','Elite','Grey','2021-10-11 00:00:00.000000');
insert into vehicles values ('M7B239','Haval','Jolion','Elite','Black','2019-09-23 00:00:00.000000');
insert into vehicles values ('M7B230','Haval','Jolion','Elite','Black','2020-07-15 00:00:00.000000');
insert into vehicles values ('M7B231','Haval','Jolion','Elite','Black','2021-08-11 00:00:00.000000');
insert into vehicles values ('M7B249','Haval','Jolion','Elite','Bronze','2019-09-26 00:00:00.000000');
insert into vehicles values ('M7B240','Haval','Jolion','Elite','Bronze','2020-07-19 00:00:00.000000');
insert into vehicles values ('M7B241','Haval','Jolion','Elite','Bronze','2021-11-20 00:00:00.000000');
insert into vehicles values ('M7P219','Haval','Jolion','Premium','White','2019-02-16 00:00:00.000000');
insert into vehicles values ('M7P210','Haval','Jolion','Premium','White','2020-05-06 00:00:00.000000');
insert into vehicles values ('M7P211','Haval','Jolion','Premium','White','2021-06-30 00:00:00.000000');
insert into vehicles values ('M7P229','Haval','Jolion','Premium','Grey','2019-08-08 00:00:00.000000');
insert into vehicles values ('M7P220','Haval','Jolion','Premium','Grey','2020-02-02 00:00:00.000000');
insert into vehicles values ('M7P221','Haval','Jolion','Premium','Grey','2021-04-02 00:00:00.000000');
insert into vehicles values ('M7P239','Haval','Jolion','Premium','Black','2019-02-04 00:00:00.000000');
insert into vehicles values ('M7P230','Haval','Jolion','Premium','Black','2020-11-17 00:00:00.000000');
insert into vehicles values ('M7P231','Haval','Jolion','Premium','Black','2021-02-25 00:00:00.000000');
insert into vehicles values ('M7P249','Haval','Jolion','Premium','Bronze','2019-10-15 00:00:00.000000');
insert into vehicles values ('M7P240','Haval','Jolion','Premium','Bronze','2020-05-26 00:00:00.000000');
insert into vehicles values ('M7P241','Haval','Jolion','Premium','Bronze','2021-06-04 00:00:00.000000');
insert into vehicles values ('BSW119','BMW','X1','sDrive 18','White','2019-05-05 00:00:00.000000');
insert into vehicles values ('BSW110','BMW','X1','sDrive 18','White','2020-09-19 00:00:00.000000');
insert into vehicles values ('BSW111','BMW','X1','sDrive 18','White','2021-09-26 00:00:00.000000');
insert into vehicles values ('BSW129','BMW','X1','sDrive 18','Silver','2019-07-05 00:00:00.000000');
insert into vehicles values ('BSW120','BMW','X1','sDrive 18','Silver','2020-09-09 00:00:00.000000');
insert into vehicles values ('BSW121','BMW','X1','sDrive 18','Silver','2021-02-22 00:00:00.000000');
insert into vehicles values ('BSW139','BMW','X1','sDrive 18','Black','2019-10-20 00:00:00.000000');
insert into vehicles values ('BSW130','BMW','X1','sDrive 18','Black','2020-09-08 00:00:00.000000');
insert into vehicles values ('BSW131','BMW','X1','sDrive 18','Black','2021-07-03 00:00:00.000000');
insert into vehicles values ('BSW149','BMW','X1','sDrive 18','Grey','2019-05-28 00:00:00.000000');
insert into vehicles values ('BSW140','BMW','X1','sDrive 18','Grey','2020-10-02 00:00:00.000000');
insert into vehicles values ('BSW141','BMW','X1','sDrive 18','Grey','2021-08-16 00:00:00.000000');
insert into vehicles values ('BMZ119','BMW','X1','xDrive 20','White','2019-05-08 00:00:00.000000');
insert into vehicles values ('BMZ110','BMW','X1','xDrive 20','White','2020-08-19 00:00:00.000000');
insert into vehicles values ('BMZ111','BMW','X1','xDrive 20','White','2021-03-28 00:00:00.000000');
insert into vehicles values ('BMZ129','BMW','X1','xDrive 20','Silver','2019-11-24 00:00:00.000000');
insert into vehicles values ('BMZ120','BMW','X1','xDrive 20','Silver','2020-04-08 00:00:00.000000');
insert into vehicles values ('BMZ121','BMW','X1','xDrive 20','Silver','2021-05-21 00:00:00.000000');
insert into vehicles values ('BMZ139','BMW','X1','xDrive 20','Black','2019-02-23 00:00:00.000000');
insert into vehicles values ('BMZ130','BMW','X1','xDrive 20','Black','2020-11-10 00:00:00.000000');
insert into vehicles values ('BMZ131','BMW','X1','xDrive 20','Black','2021-10-18 00:00:00.000000');
insert into vehicles values ('BMZ149','BMW','X1','xDrive 20','Grey','2019-11-10 00:00:00.000000');
insert into vehicles values ('BMZ140','BMW','X1','xDrive 20','Grey','2020-05-23 00:00:00.000000');
insert into vehicles values ('BMZ141','BMW','X1','xDrive 20','Grey','2021-07-19 00:00:00.000000');
insert into vehicles values ('BMW219','BMW','2','220d','White','2019-03-05 00:00:00.000000');
insert into vehicles values ('BMW210','BMW','2','220d','White','2020-08-15 00:00:00.000000');
insert into vehicles values ('BMW211','BMW','2','220d','White','2021-04-09 00:00:00.000000');
insert into vehicles values ('BMW229','BMW','2','220d','Silver','2019-01-18 00:00:00.000000');
insert into vehicles values ('BMW220','BMW','2','220d','Silver','2020-11-27 00:00:00.000000');
insert into vehicles values ('BMW221','BMW','2','220d','Silver','2021-09-01 00:00:00.000000');
insert into vehicles values ('BMW239','BMW','2','220d','Black','2019-11-23 00:00:00.000000');
insert into vehicles values ('BMW230','BMW','2','220d','Black','2020-04-19 00:00:00.000000');
insert into vehicles values ('BMW231','BMW','2','220d','Black','2021-01-19 00:00:00.000000');
insert into vehicles values ('BMW249','BMW','2','220d','Grey','2019-09-17 00:00:00.000000');
insert into vehicles values ('BMW240','BMW','2','220d','Grey','2020-04-19 00:00:00.000000');
insert into vehicles values ('BMW241','BMW','2','220d','Grey','2021-05-24 00:00:00.000000');
insert into vehicles values ('BXB319','BMW','X3','xDrive 20','White','2019-07-28 00:00:00.000000');
insert into vehicles values ('BXB310','BMW','X3','xDrive 20','White','2020-06-27 00:00:00.000000');
insert into vehicles values ('BXB311','BMW','X3','xDrive 20','White','2021-11-17 00:00:00.000000');
insert into vehicles values ('BXB329','BMW','X3','xDrive 20','Silver','2019-08-05 00:00:00.000000');
insert into vehicles values ('BXB320','BMW','X3','xDrive 20','Silver','2020-09-07 00:00:00.000000');
insert into vehicles values ('BXB321','BMW','X3','xDrive 20','Silver','2021-08-27 00:00:00.000000');
insert into vehicles values ('BXB339','BMW','X3','xDrive 20','Black','2019-10-03 00:00:00.000000');
insert into vehicles values ('BXB330','BMW','X3','xDrive 20','Black','2020-06-13 00:00:00.000000');
insert into vehicles values ('BXB331','BMW','X3','xDrive 20','Black','2021-01-26 00:00:00.000000');
insert into vehicles values ('BXB349','BMW','X3','xDrive 20','Grey','2019-09-16 00:00:00.000000');
insert into vehicles values ('BXB340','BMW','X3','xDrive 20','Grey','2020-07-17 00:00:00.000000');
insert into vehicles values ('BXB341','BMW','X3','xDrive 20','Grey','2021-06-23 00:00:00.000000');
insert into vehicles values ('BWX319','BMW','X3','xDrive 30','White','2019-08-08 00:00:00.000000');
insert into vehicles values ('BWX310','BMW','X3','xDrive 30','White','2020-01-26 00:00:00.000000');
insert into vehicles values ('BWX311','BMW','X3','xDrive 30','White','2021-10-03 00:00:00.000000');
insert into vehicles values ('BWX329','BMW','X3','xDrive 30','Silver','2019-08-10 00:00:00.000000');
insert into vehicles values ('BWX320','BMW','X3','xDrive 30','Silver','2020-06-04 00:00:00.000000');
insert into vehicles values ('BWX321','BMW','X3','xDrive 30','Silver','2021-05-30 00:00:00.000000');
insert into vehicles values ('BWX339','BMW','X3','xDrive 30','Black','2019-04-01 00:00:00.000000');
insert into vehicles values ('BWX330','BMW','X3','xDrive 30','Black','2020-08-09 00:00:00.000000');
insert into vehicles values ('BWX331','BMW','X3','xDrive 30','Black','2021-06-12 00:00:00.000000');
insert into vehicles values ('BWX349','BMW','X3','xDrive 30','Grey','2019-08-30 00:00:00.000000');
insert into vehicles values ('BWX340','BMW','X3','xDrive 30','Grey','2020-05-27 00:00:00.000000');
insert into vehicles values ('BWX341','BMW','X3','xDrive 30','Grey','2021-04-17 00:00:00.000000');
insert into vehicles values ('D27119','Kia Rio','X','Comfort','Blue','2019-04-11 00:00:00.000000');
insert into vehicles values ('D27110','Kia Rio','X','Comfort','Blue','2020-08-01 00:00:00.000000');
insert into vehicles values ('D27111','Kia Rio','X','Comfort','Blue','2021-08-18 00:00:00.000000');
insert into vehicles values ('D27129','Kia Rio','X','Comfort','Black','2019-03-29 00:00:00.000000');
insert into vehicles values ('D27120','Kia Rio','X','Comfort','Black','2020-02-15 00:00:00.000000');
insert into vehicles values ('D27121','Kia Rio','X','Comfort','Black','2021-08-25 00:00:00.000000');
insert into vehicles values ('D27139','Kia Rio','X','Comfort','Red','2019-04-05 00:00:00.000000');
insert into vehicles values ('D27130','Kia Rio','X','Comfort','Red','2020-05-21 00:00:00.000000');
insert into vehicles values ('D27131','Kia Rio','X','Comfort','Red','2021-05-17 00:00:00.000000');
insert into vehicles values ('D27149','Kia Rio','X','Comfort','Grey','2019-02-11 00:00:00.000000');
insert into vehicles values ('D27140','Kia Rio','X','Comfort','Grey','2020-09-04 00:00:00.000000');
insert into vehicles values ('D27141','Kia Rio','X','Comfort','Grey','2021-07-02 00:00:00.000000');
insert into vehicles values ('D27159','Kia Rio','X','Comfort','White','2019-06-30 00:00:00.000000');
insert into vehicles values ('D27150','Kia Rio','X','Comfort','White','2020-01-18 00:00:00.000000');
insert into vehicles values ('D27151','Kia Rio','X','Comfort','White','2021-01-21 00:00:00.000000');
insert into vehicles values ('D27319','Kia Rio','X','Luxe','Blue','2019-01-13 00:00:00.000000');
insert into vehicles values ('D27310','Kia Rio','X','Luxe','Blue','2020-09-02 00:00:00.000000');
insert into vehicles values ('D27311','Kia Rio','X','Luxe','Blue','2021-07-09 00:00:00.000000');
insert into vehicles values ('D27329','Kia Rio','X','Luxe','Black','2019-10-14 00:00:00.000000');
insert into vehicles values ('D27320','Kia Rio','X','Luxe','Black','2020-05-14 00:00:00.000000');
insert into vehicles values ('D27321','Kia Rio','X','Luxe','Black','2021-02-15 00:00:00.000000');
insert into vehicles values ('D27339','Kia Rio','X','Luxe','Red','2019-07-16 00:00:00.000000');
insert into vehicles values ('D27330','Kia Rio','X','Luxe','Red','2020-01-20 00:00:00.000000');
insert into vehicles values ('D27331','Kia Rio','X','Luxe','Red','2021-08-25 00:00:00.000000');
insert into vehicles values ('D27349','Kia Rio','X','Luxe','Grey','2019-08-13 00:00:00.000000');
insert into vehicles values ('D27340','Kia Rio','X','Luxe','Grey','2020-02-23 00:00:00.000000');
insert into vehicles values ('D27341','Kia Rio','X','Luxe','Grey','2021-02-03 00:00:00.000000');
insert into vehicles values ('D27359','Kia Rio','X','Luxe','White','2019-04-19 00:00:00.000000');
insert into vehicles values ('D27350','Kia Rio','X','Luxe','White','2020-02-13 00:00:00.000000');
insert into vehicles values ('D27351','Kia Rio','X','Luxe','White','2021-01-18 00:00:00.000000');
insert into vehicles values ('G15319','Kia Rio','X','Premium','Blue','2019-05-15 00:00:00.000000');
insert into vehicles values ('G15310','Kia Rio','X','Premium','Blue','2020-09-04 00:00:00.000000');
insert into vehicles values ('G15311','Kia Rio','X','Premium','Blue','2021-10-03 00:00:00.000000');
insert into vehicles values ('G15329','Kia Rio','X','Premium','Black','2019-09-15 00:00:00.000000');
insert into vehicles values ('G15320','Kia Rio','X','Premium','Black','2020-08-02 00:00:00.000000');
insert into vehicles values ('G15321','Kia Rio','X','Premium','Black','2021-08-03 00:00:00.000000');
insert into vehicles values ('G15339','Kia Rio','X','Premium','Red','2019-06-10 00:00:00.000000');
insert into vehicles values ('G15330','Kia Rio','X','Premium','Red','2020-11-07 00:00:00.000000');
insert into vehicles values ('G15331','Kia Rio','X','Premium','Red','2021-06-06 00:00:00.000000');
insert into vehicles values ('G15349','Kia Rio','X','Premium','Grey','2019-04-05 00:00:00.000000');
insert into vehicles values ('G15340','Kia Rio','X','Premium','Grey','2020-02-13 00:00:00.000000');
insert into vehicles values ('G15341','Kia Rio','X','Premium','Grey','2021-07-06 00:00:00.000000');
insert into vehicles values ('G15359','Kia Rio','X','Premium','White','2019-03-05 00:00:00.000000');
insert into vehicles values ('G15350','Kia Rio','X','Premium','White','2020-01-19 00:00:00.000000');
insert into vehicles values ('G15351','Kia Rio','X','Premium','White','2021-01-22 00:00:00.000000');
insert into vehicles values ('D26619','Kia Rio','X','Style','Blue','2019-11-04 00:00:00.000000');
insert into vehicles values ('D26610','Kia Rio','X','Style','Blue','2020-05-07 00:00:00.000000');
insert into vehicles values ('D26611','Kia Rio','X','Style','Blue','2021-03-25 00:00:00.000000');
insert into vehicles values ('D26629','Kia Rio','X','Style','Black','2019-07-07 00:00:00.000000');
insert into vehicles values ('D26620','Kia Rio','X','Style','Black','2020-05-06 00:00:00.000000');
insert into vehicles values ('D26621','Kia Rio','X','Style','Black','2021-06-24 00:00:00.000000');
insert into vehicles values ('D26639','Kia Rio','X','Style','Red','2019-01-11 00:00:00.000000');
insert into vehicles values ('D26630','Kia Rio','X','Style','Red','2020-08-24 00:00:00.000000');
insert into vehicles values ('D26631','Kia Rio','X','Style','Red','2021-01-16 00:00:00.000000');
insert into vehicles values ('D26649','Kia Rio','X','Style','Grey','2019-09-07 00:00:00.000000');
insert into vehicles values ('D26640','Kia Rio','X','Style','Grey','2020-09-09 00:00:00.000000');
insert into vehicles values ('D26641','Kia Rio','X','Style','Grey','2021-02-16 00:00:00.000000');
insert into vehicles values ('D26659','Kia Rio','X','Style','White','2019-04-13 00:00:00.000000');
insert into vehicles values ('D26650','Kia Rio','X','Style','White','2020-02-14 00:00:00.000000');
insert into vehicles values ('D26651','Kia Rio','X','Style','White','2021-03-16 00:00:00.000000');
insert into vehicles values ('G15219','Kia Rio','X','Prestige','Blue','2019-06-17 00:00:00.000000');
insert into vehicles values ('G15210','Kia Rio','X','Prestige','Blue','2020-07-03 00:00:00.000000');
insert into vehicles values ('G15211','Kia Rio','X','Prestige','Blue','2021-01-30 00:00:00.000000');
insert into vehicles values ('G15229','Kia Rio','X','Prestige','Black','2019-08-06 00:00:00.000000');
insert into vehicles values ('G15220','Kia Rio','X','Prestige','Black','2020-04-18 00:00:00.000000');
insert into vehicles values ('G15221','Kia Rio','X','Prestige','Black','2021-10-14 00:00:00.000000');
insert into vehicles values ('G15239','Kia Rio','X','Prestige','Red','2019-05-30 00:00:00.000000');
insert into vehicles values ('G15230','Kia Rio','X','Prestige','Red','2020-02-07 00:00:00.000000');
insert into vehicles values ('G15231','Kia Rio','X','Prestige','Red','2021-06-23 00:00:00.000000');
insert into vehicles values ('G15249','Kia Rio','X','Prestige','Grey','2019-02-02 00:00:00.000000');
insert into vehicles values ('G15240','Kia Rio','X','Prestige','Grey','2020-06-30 00:00:00.000000');
insert into vehicles values ('G15241','Kia Rio','X','Prestige','Grey','2021-04-18 00:00:00.000000');
insert into vehicles values ('G15259','Kia Rio','X','Prestige','White','2019-04-26 00:00:00.000000');
insert into vehicles values ('G15250','Kia Rio','X','Prestige','White','2020-08-09 00:00:00.000000');
insert into vehicles values ('G15251','Kia Rio','X','Prestige','White','2021-11-11 00:00:00.000000');
insert into vehicles values ('GGJ119','Kia Rio','Sportage','Comfort','Blue','2019-04-13 00:00:00.000000');
insert into vehicles values ('GGJ110','Kia Rio','Sportage','Comfort','Blue','2020-09-21 00:00:00.000000');
insert into vehicles values ('GGJ111','Kia Rio','Sportage','Comfort','Blue','2021-04-29 00:00:00.000000');
insert into vehicles values ('GGJ129','Kia Rio','Sportage','Comfort','Black','2019-06-05 00:00:00.000000');
insert into vehicles values ('GGJ120','Kia Rio','Sportage','Comfort','Black','2020-11-28 00:00:00.000000');
insert into vehicles values ('GGJ121','Kia Rio','Sportage','Comfort','Black','2021-04-06 00:00:00.000000');
insert into vehicles values ('GGJ139','Kia Rio','Sportage','Comfort','Red','2019-09-28 00:00:00.000000');
insert into vehicles values ('GGJ130','Kia Rio','Sportage','Comfort','Red','2020-06-22 00:00:00.000000');
insert into vehicles values ('GGJ131','Kia Rio','Sportage','Comfort','Red','2021-03-15 00:00:00.000000');
insert into vehicles values ('GGJ149','Kia Rio','Sportage','Comfort','Grey','2019-02-06 00:00:00.000000');
insert into vehicles values ('GGJ140','Kia Rio','Sportage','Comfort','Grey','2020-04-24 00:00:00.000000');
insert into vehicles values ('GGJ141','Kia Rio','Sportage','Comfort','Grey','2021-10-18 00:00:00.000000');
insert into vehicles values ('GGJ159','Kia Rio','Sportage','Comfort','White','2019-01-10 00:00:00.000000');
insert into vehicles values ('GGJ150','Kia Rio','Sportage','Comfort','White','2020-10-10 00:00:00.000000');
insert into vehicles values ('GGJ151','Kia Rio','Sportage','Comfort','White','2021-05-20 00:00:00.000000');
insert into vehicles values ('GIHX19','Kia Rio','Sportage','Luxe','Blue','2019-02-24 00:00:00.000000');
insert into vehicles values ('GIHX10','Kia Rio','Sportage','Luxe','Blue','2020-07-04 00:00:00.000000');
insert into vehicles values ('GIHX11','Kia Rio','Sportage','Luxe','Blue','2021-07-16 00:00:00.000000');
insert into vehicles values ('GIHX29','Kia Rio','Sportage','Luxe','Black','2019-08-10 00:00:00.000000');
insert into vehicles values ('GIHX20','Kia Rio','Sportage','Luxe','Black','2020-07-14 00:00:00.000000');
insert into vehicles values ('GIHX21','Kia Rio','Sportage','Luxe','Black','2021-07-01 00:00:00.000000');
insert into vehicles values ('GIHX39','Kia Rio','Sportage','Luxe','Red','2019-04-13 00:00:00.000000');
insert into vehicles values ('GIHX30','Kia Rio','Sportage','Luxe','Red','2020-09-10 00:00:00.000000');
insert into vehicles values ('GIHX31','Kia Rio','Sportage','Luxe','Red','2021-08-10 00:00:00.000000');
insert into vehicles values ('GIHX49','Kia Rio','Sportage','Luxe','Grey','2019-05-08 00:00:00.000000');
insert into vehicles values ('GIHX40','Kia Rio','Sportage','Luxe','Grey','2020-03-28 00:00:00.000000');
insert into vehicles values ('GIHX41','Kia Rio','Sportage','Luxe','Grey','2021-05-14 00:00:00.000000');
insert into vehicles values ('GIHX59','Kia Rio','Sportage','Luxe','White','2019-10-12 00:00:00.000000');
insert into vehicles values ('GIHX50','Kia Rio','Sportage','Luxe','White','2020-10-05 00:00:00.000000');
insert into vehicles values ('GIHX51','Kia Rio','Sportage','Luxe','White','2021-08-27 00:00:00.000000');
insert into vehicles values ('GJJO19','Kia Rio','Sportage','Luxe +','Blue','2019-09-08 00:00:00.000000');
insert into vehicles values ('GJJO10','Kia Rio','Sportage','Luxe +','Blue','2020-11-20 00:00:00.000000');
insert into vehicles values ('GJJO11','Kia Rio','Sportage','Luxe +','Blue','2021-03-05 00:00:00.000000');
insert into vehicles values ('GJJO29','Kia Rio','Sportage','Luxe +','Black','2019-04-25 00:00:00.000000');
insert into vehicles values ('GJJO20','Kia Rio','Sportage','Luxe +','Black','2020-07-25 00:00:00.000000');
insert into vehicles values ('GJJO21','Kia Rio','Sportage','Luxe +','Black','2021-06-17 00:00:00.000000');
insert into vehicles values ('GJJO39','Kia Rio','Sportage','Luxe +','Red','2019-06-20 00:00:00.000000');
insert into vehicles values ('GJJO30','Kia Rio','Sportage','Luxe +','Red','2020-03-27 00:00:00.000000');
insert into vehicles values ('GJJO31','Kia Rio','Sportage','Luxe +','Red','2021-02-06 00:00:00.000000');
insert into vehicles values ('GJJO49','Kia Rio','Sportage','Luxe +','Grey','2019-01-25 00:00:00.000000');
insert into vehicles values ('GJJO40','Kia Rio','Sportage','Luxe +','Grey','2020-03-05 00:00:00.000000');
insert into vehicles values ('GJJO41','Kia Rio','Sportage','Luxe +','Grey','2021-08-20 00:00:00.000000');
insert into vehicles values ('GJJO59','Kia Rio','Sportage','Luxe +','White','2019-07-06 00:00:00.000000');
insert into vehicles values ('GJJO50','Kia Rio','Sportage','Luxe +','White','2020-06-20 00:00:00.000000');
insert into vehicles values ('GJJO51','Kia Rio','Sportage','Luxe +','White','2021-02-20 00:00:00.000000');
insert into vehicles values ('GIND19','Kia Rio','Sportage','Prestige','Blue','2019-04-09 00:00:00.000000');
insert into vehicles values ('GIND10','Kia Rio','Sportage','Prestige','Blue','2020-04-30 00:00:00.000000');
insert into vehicles values ('GIND11','Kia Rio','Sportage','Prestige','Blue','2021-07-22 00:00:00.000000');
insert into vehicles values ('GIND29','Kia Rio','Sportage','Prestige','Black','2019-02-10 00:00:00.000000');
insert into vehicles values ('GIND20','Kia Rio','Sportage','Prestige','Black','2020-07-11 00:00:00.000000');
insert into vehicles values ('GIND21','Kia Rio','Sportage','Prestige','Black','2021-01-17 00:00:00.000000');
insert into vehicles values ('GIND39','Kia Rio','Sportage','Prestige','Red','2019-10-15 00:00:00.000000');
insert into vehicles values ('GIND30','Kia Rio','Sportage','Prestige','Red','2020-06-27 00:00:00.000000');
insert into vehicles values ('GIND31','Kia Rio','Sportage','Prestige','Red','2021-11-27 00:00:00.000000');
insert into vehicles values ('GIND49','Kia Rio','Sportage','Prestige','Grey','2019-11-06 00:00:00.000000');
insert into vehicles values ('GIND40','Kia Rio','Sportage','Prestige','Grey','2020-07-24 00:00:00.000000');
insert into vehicles values ('GIND41','Kia Rio','Sportage','Prestige','Grey','2021-04-18 00:00:00.000000');
insert into vehicles values ('GIND59','Kia Rio','Sportage','Prestige','White','2019-09-19 00:00:00.000000');
insert into vehicles values ('GIND50','Kia Rio','Sportage','Prestige','White','2020-03-10 00:00:00.000000');
insert into vehicles values ('GIND51','Kia Rio','Sportage','Prestige','White','2021-04-20 00:00:00.000000');
insert into vehicles values ('H00A19','Kia Rio','Sportage','GT Line','Blue','2019-07-01 00:00:00.000000');
insert into vehicles values ('H00A10','Kia Rio','Sportage','GT Line','Blue','2020-10-09 00:00:00.000000');
insert into vehicles values ('H00A11','Kia Rio','Sportage','GT Line','Blue','2021-11-26 00:00:00.000000');
insert into vehicles values ('H00A29','Kia Rio','Sportage','GT Line','Black','2019-01-16 00:00:00.000000');
insert into vehicles values ('H00A20','Kia Rio','Sportage','GT Line','Black','2020-09-19 00:00:00.000000');
insert into vehicles values ('H00A21','Kia Rio','Sportage','GT Line','Black','2021-05-28 00:00:00.000000');
insert into vehicles values ('H00A39','Kia Rio','Sportage','GT Line','Red','2019-01-19 00:00:00.000000');
insert into vehicles values ('H00A30','Kia Rio','Sportage','GT Line','Red','2020-05-17 00:00:00.000000');
insert into vehicles values ('H00A31','Kia Rio','Sportage','GT Line','Red','2021-08-08 00:00:00.000000');
insert into vehicles values ('H00A49','Kia Rio','Sportage','GT Line','Grey','2019-03-17 00:00:00.000000');
insert into vehicles values ('H00A40','Kia Rio','Sportage','GT Line','Grey','2020-01-16 00:00:00.000000');
insert into vehicles values ('H00A41','Kia Rio','Sportage','GT Line','Grey','2021-11-02 00:00:00.000000');
insert into vehicles values ('H00A59','Kia Rio','Sportage','GT Line','White','2019-09-24 00:00:00.000000');
insert into vehicles values ('H00A50','Kia Rio','Sportage','GT Line','White','2020-06-16 00:00:00.000000');
insert into vehicles values ('H00A51','Kia Rio','Sportage','GT Line','White','2021-02-02 00:00:00.000000');
insert into vehicles values ('D94419','Kia Rio','K5','Comfort','Blue','2019-11-05 00:00:00.000000');
insert into vehicles values ('D94410','Kia Rio','K5','Comfort','Blue','2020-03-04 00:00:00.000000');
insert into vehicles values ('D94411','Kia Rio','K5','Comfort','Blue','2021-01-14 00:00:00.000000');
insert into vehicles values ('D94429','Kia Rio','K5','Comfort','Black','2019-09-07 00:00:00.000000');
insert into vehicles values ('D94420','Kia Rio','K5','Comfort','Black','2020-10-16 00:00:00.000000');
insert into vehicles values ('D94421','Kia Rio','K5','Comfort','Black','2021-07-24 00:00:00.000000');
insert into vehicles values ('D94439','Kia Rio','K5','Comfort','Red','2019-03-29 00:00:00.000000');
insert into vehicles values ('D94430','Kia Rio','K5','Comfort','Red','2020-06-26 00:00:00.000000');
insert into vehicles values ('D94431','Kia Rio','K5','Comfort','Red','2021-02-11 00:00:00.000000');
insert into vehicles values ('D94449','Kia Rio','K5','Comfort','Grey','2019-06-28 00:00:00.000000');
insert into vehicles values ('D94440','Kia Rio','K5','Comfort','Grey','2020-10-24 00:00:00.000000');
insert into vehicles values ('D94441','Kia Rio','K5','Comfort','Grey','2021-04-28 00:00:00.000000');
insert into vehicles values ('D94459','Kia Rio','K5','Comfort','White','2019-01-01 00:00:00.000000');
insert into vehicles values ('D94450','Kia Rio','K5','Comfort','White','2020-04-13 00:00:00.000000');
insert into vehicles values ('D94451','Kia Rio','K5','Comfort','White','2021-06-13 00:00:00.000000');
insert into vehicles values ('G73519','Kia Rio','K5','Luxe','Blue','2019-06-24 00:00:00.000000');
insert into vehicles values ('G73510','Kia Rio','K5','Luxe','Blue','2020-10-03 00:00:00.000000');
insert into vehicles values ('G73511','Kia Rio','K5','Luxe','Blue','2021-03-27 00:00:00.000000');
insert into vehicles values ('G73529','Kia Rio','K5','Luxe','Black','2019-04-19 00:00:00.000000');
insert into vehicles values ('G73520','Kia Rio','K5','Luxe','Black','2020-09-26 00:00:00.000000');
insert into vehicles values ('G73521','Kia Rio','K5','Luxe','Black','2021-08-18 00:00:00.000000');
insert into vehicles values ('G73539','Kia Rio','K5','Luxe','Red','2019-10-17 00:00:00.000000');
insert into vehicles values ('G73530','Kia Rio','K5','Luxe','Red','2020-01-29 00:00:00.000000');
insert into vehicles values ('G73531','Kia Rio','K5','Luxe','Red','2021-09-19 00:00:00.000000');
insert into vehicles values ('G73549','Kia Rio','K5','Luxe','Grey','2019-08-14 00:00:00.000000');
insert into vehicles values ('G73540','Kia Rio','K5','Luxe','Grey','2020-09-30 00:00:00.000000');
insert into vehicles values ('G73541','Kia Rio','K5','Luxe','Grey','2021-07-20 00:00:00.000000');
insert into vehicles values ('G73559','Kia Rio','K5','Luxe','White','2019-09-13 00:00:00.000000');
insert into vehicles values ('G73550','Kia Rio','K5','Luxe','White','2020-02-04 00:00:00.000000');
insert into vehicles values ('G73551','Kia Rio','K5','Luxe','White','2021-03-19 00:00:00.000000');
insert into vehicles values ('G73719','Kia Rio','K5','Style','Blue','2019-05-24 00:00:00.000000');
insert into vehicles values ('G73710','Kia Rio','K5','Style','Blue','2020-07-17 00:00:00.000000');
insert into vehicles values ('G73711','Kia Rio','K5','Style','Blue','2021-05-22 00:00:00.000000');
insert into vehicles values ('G73729','Kia Rio','K5','Style','Black','2019-04-08 00:00:00.000000');
insert into vehicles values ('G73720','Kia Rio','K5','Style','Black','2020-01-19 00:00:00.000000');
insert into vehicles values ('G73721','Kia Rio','K5','Style','Black','2021-11-29 00:00:00.000000');
insert into vehicles values ('G73739','Kia Rio','K5','Style','Red','2019-05-16 00:00:00.000000');
insert into vehicles values ('G73730','Kia Rio','K5','Style','Red','2020-06-12 00:00:00.000000');
insert into vehicles values ('G73731','Kia Rio','K5','Style','Red','2021-04-01 00:00:00.000000');
insert into vehicles values ('G73749','Kia Rio','K5','Style','Grey','2019-08-29 00:00:00.000000');
insert into vehicles values ('G73740','Kia Rio','K5','Style','Grey','2020-11-16 00:00:00.000000');
insert into vehicles values ('G73741','Kia Rio','K5','Style','Grey','2021-11-14 00:00:00.000000');
insert into vehicles values ('G73759','Kia Rio','K5','Style','White','2019-01-17 00:00:00.000000');
insert into vehicles values ('G73750','Kia Rio','K5','Style','White','2020-10-17 00:00:00.000000');
insert into vehicles values ('G73751','Kia Rio','K5','Style','White','2021-04-16 00:00:00.000000');
insert into vehicles values ('G72019','Kia Rio','K5','Prestige','Blue','2019-02-22 00:00:00.000000');
insert into vehicles values ('G72010','Kia Rio','K5','Prestige','Blue','2020-06-19 00:00:00.000000');
insert into vehicles values ('G72011','Kia Rio','K5','Prestige','Blue','2021-11-06 00:00:00.000000');
insert into vehicles values ('G72029','Kia Rio','K5','Prestige','Black','2019-11-22 00:00:00.000000');
insert into vehicles values ('G72020','Kia Rio','K5','Prestige','Black','2020-04-18 00:00:00.000000');
insert into vehicles values ('G72021','Kia Rio','K5','Prestige','Black','2021-07-20 00:00:00.000000');
insert into vehicles values ('G72039','Kia Rio','K5','Prestige','Red','2019-10-17 00:00:00.000000');
insert into vehicles values ('G72030','Kia Rio','K5','Prestige','Red','2020-08-11 00:00:00.000000');
insert into vehicles values ('G72031','Kia Rio','K5','Prestige','Red','2021-09-01 00:00:00.000000');
insert into vehicles values ('G72049','Kia Rio','K5','Prestige','Grey','2019-09-23 00:00:00.000000');
insert into vehicles values ('G72040','Kia Rio','K5','Prestige','Grey','2020-02-25 00:00:00.000000');
insert into vehicles values ('G72041','Kia Rio','K5','Prestige','Grey','2021-11-03 00:00:00.000000');
insert into vehicles values ('G72059','Kia Rio','K5','Prestige','White','2019-03-18 00:00:00.000000');
insert into vehicles values ('G72050','Kia Rio','K5','Prestige','White','2020-09-14 00:00:00.000000');
insert into vehicles values ('G72051','Kia Rio','K5','Prestige','White','2021-02-24 00:00:00.000000');
